model,frequency
gpt-4,1579
gpt-3.5-turbo,743
gpt-3.5,530
gpt-4o,251
gpt-3,250
bert,198
mistral-7b,183
llama-2-7b,165
llama-7b,140
llama,140
llama2-7b,134
gpt-4v,120
llama-2,109
roberta,108
llama-2-13b,102
gpt-3-(175b),98
llama-2-70b,95
gpt-2,90
vicuna-13b,86
t5,78
palm,78
llama2-13b,76
llama-3-8b,76
llama3-8b,76
gpt-4o-mini,75
text-davinci-003,71
gemini-pro,69
palm-540b,68
gemini-1.5-pro,67
chatgpt-(gpt-3.5-turbo),65
clip,65
gpt-4-turbo,60
llama-13b,59
vicuna-7b,59
palm-2,58
claude-3.5-sonnet,58
gemini,57
claude-3-opus,55
mixtral-8x7b,54
llama2-70b,52
bart,50
claude,48
llama-3-70b,48
llama3-70b,48
llama-3.1-8b,46
codex,45
llama-3-8b-instruct,40
llama-2-7b-chat,39
claude-2,38
llama-65b,36
codellama-7b,34
llava,33
gemini-1.5-flash,33
t5-base,33
palm-(540b),32
llama-2-13b-chat,32
llama-3-70b-instruct,32
roberta-large,32
gemma-7b,31
bloom,31
claude-3,31
llama-2-70b-chat,31
mistral-7b-instruct-v0.2,30
mistral,30
llama-3,29
llama2-7b-chat,29
t5-large,29
gpt-3-(text-davinci-003),29
claude-3-sonnet,28
text-davinci-002,28
gemini-1.0-pro,28
chatgpt-3.5,27
llama-2-(7b),27
vicuna,27
mistral-7b-instruct,27
gpt-3.5-(175b),26
chatgpt-(gpt-3.5),25
opt,25
gpt-j-6b,25
llama-3.1-70b,25
chatgpt-4,25
gpt-j-(6b),24
blip-2,24
llama3-8b-instruct,24
stable-diffusion,23
chatglm-6b,23
llama-3.1-8b-instruct,22
flan-t5,22
opt-6.7b,21
bard,21
minigpt-4,20
gpt-3.5-(text-davinci-003),20
codex-(code-davinci-002),20
code-davinci-002,20
t5-3b,20
gpt-3.5-turbo-16k,20
gpt-j,19
instructgpt,19
gpt-3.5-turbo-0125,19
llama2-13b-chat,19
llama-3.1-70b-instruct,19
llava-1.5-13b,19
claude-3-haiku,18
flan-t5-xl-(3b),18
palm-2-l,18
palm2,18
codellama-34b,18
distilbert,18
lamda,18
llava-1.5,18
llama-70b,18
deberta,17
mixtral-8x7b-instruct-v0.1,17
llama-2-(70b),17
flan-t5-xxl-(11b),17
gemini-1.5,17
qwen2-7b,17
bart-large,17
mixtral-8x7b-instruct,17
t5-11b,17
transformer,17
gpt-3.5-turbo-0613,17
chatglm3-6b,17
palm-62b,17
qwen-7b,16
gpt-3-175b,16
llama2-70b-chat,16
bert-large,16
alpaca-7b,16
llama3.1-8b,16
t5-base-(220m),16
opt-1.3b,15
flan-t5-large,15
falcon-7b,15
gpt-4-0613,15
t5-large-(770m),15
bart-base,15
mixtral,15
gpt-3.5-turbo-(175b),14
llama-2-(13b),14
qwen-vl,14
opt-30b,14
gemma-2b,14
chatglm,14
gemma-7b-it,14
instructblip,14
codellama-13b,14
chatglm2-6b,14
o1-mini,14
mistral-(7b),14
yi-34b,13
gpt-neox-20b,13
opt-13b,13
vicuna-33b,13
gpt,13
"llama-2-(7b,-13b,-70b)",13
vicuna-7b-v1.5,13
o1-preview,13
mixtral-8x22b,13
llama3.1-70b,13
flan-t5-(11b),13
llama-30b,13
qwen-vl-chat,13
glm-4,12
llama-(7b),12
gpt-3.5-turbo-instruct,12
llama-3.1-405b,12
opt-175b,12
qwen2-72b,12
gpt2-xl-(1.5b),12
llava-13b,12
falcon-40b,12
t5-small,12
chatgpt-(gpt-3.5-turbo-0301),12
glm,12
qwen2-7b-instruct,12
llava-1.5-7b,12
gpt-3-(text-davinci-002),12
claude-2.1,11
instructgpt-(text-davinci-003),11
qwen1.5-72b-chat,11
llava-7b,11
gpt-4-1106-preview,11
gopher,11
chatgpt-(gpt-3.5-turbo-0613),11
starcoder,11
gpt-4-0125-preview,11
llama-33b,11
blip,11
instructgpt-(175b),11
gpt-neo,10
gpt-neox-(20b),10
llama-3-(8b),10
palm-e,10
gemma-2-9b,10
qwen-7b-chat,10
gpt-3.5-turbo-0301,10
gpt-3-(175-billion-parameters),10
qwen,10
vit,10
codex-(175b),10
mistral-7b-v0.1,10
chatgpt-3.5-turbo,10
palm-2-s,10
claude-3.5,10
xlnet,9
opt-125m,9
opt-350m,9
opt-2.7b,9
opt-66b,9
gpt-neo-2.7b,9
bloom-(176b),9
qwen-72b,9
mpt-7b,9
qwen1.5-7b,9
chinchilla,9
llama-(size-not-specified),9
glm-130b,9
vicuna-13b-v1.5,9
bloom-7b,9
codellama-7b-instruct,9
qwen2.5-7b,9
mistral-large,9
clip-(vit-b/32),9
flan-ul2-(20b),9
gpt-3.5-turbo-1106,9
qwen2-72b-instruct,9
llava-v1.5-13b,9
gpt-4v(ision),9
claude2,9
baichuan2-13b-chat,9
claude-v1.3,8
llama3-70b-instruct,8
alpaca,8
gpt-4-32k,8
phi-2,8
internlm,8
gemma-2b-it,8
gpt-3-(davinci),8
llama-3-(70b),8
bloom-176b,8
llama-3.1,8
bert-base-uncased,8
pegasus,8
electra,8
llama-2-chat-7b,8
codellama-13b-instruct,8
gpt-2-small,8
internvl2-8b,8
flan-palm,8
falcon,8
scibert,8
gpt-3-(175b-parameters),8
command-r+,8
llava-v1.5-7b,8
lstm,8
gpt2-large,8
flan-palm-540b,8
biobert,8
t5-small-(60m),8
codebert,8
codellama,8
falcon-7b-instruct,8
t5-xxl-(11b),7
llama-(13b),7
albert,7
flan-t5-xxl,7
opt-(175b),7
flan-t5-xl,7
gemma-2-27b,7
gpt-3-davinci-(175b),7
pythia-1.4b,7
chinchilla-(70b),7
pythia-6.9b,7
gpt-neo-(2.7b),7
llama3,7
llemma-34b,7
qwen1.5-72b,7
chatgpt-(based-on-gpt-3.5),7
baichuan2-13b,7
baichuan2-7b-chat,7
gpt-4-turbo-2024-04-09,7
yi-34b-chat,7
llama-2-chat-(7b),7
text-curie-001,7
bloomz,7
gpt-2-xl-(1.5b),7
chatglm3,7
llama-8b,7
med-palm-2,7
baichuan2-7b,7
flan-t5-11b,7
internlm2-7b,7
bloom-3b,7
qwen2-vl-7b,7
llama2-chat-7b,7
codellama-34b-instruct,7
llama-2-chat-13b,6
gpt4o,6
meta-llama-3-8b-instruct,6
pythia-12b,6
t5-(11b),6
gpt-2-(1.5b),6
qwen-vl-max,6
galactica,6
mistral-7b-instruct-v0.3,6
pythia-2.8b,6
flan-t5-large-(780m),6
llama-3.1-(8b),6
flamingo,6
palm-2-m,6
openchat-3.5,6
llemma-7b,6
codegen-6b,6
gpt-(size-not-specified),6
llama-2-chat-70b,6
qwen-14b,6
mbert,6
codegen,6
deepseek-coder-6.7b,6
gpt-2-large,6
t5-xxl,6
cogvlm,6
gpt-4-(gpt-4-0613),6
qwen1.5-14b-chat,6
palm-8b,6
gpt-neo-1.3b,6
deberta-v3-large,6
qwen2.5-14b,6
chatglm-(6b),6
bert-base-(110m),6
deepseek-v2,6
llama2-(7b),6
qwen-14b-chat,6
clip-(vit-b/16),6
deberta-large,6
codet5,6
gemini-pro-1.5,6
deberta-base,6
biogpt,6
llava-next-34b,6
llama-2-7b-chat-hf,6
bert-(110m),5
pythia-410m,5
qwen2,5
chatgpt-(175b),5
t0-3b,5
deepseekmath-base-7b,5
llama-(65b),5
claude-opus,5
gpt-4o-2024-08-06,5
mistral-medium,5
pythia-1b,5
alphacode,5
blip2,5
gpt-4-vision,5
whisper,5
resnet50,5
starcoder-(15b),5
wizardcoder-(15b),5
gemini-ultra,5
sentence-bert,5
resnet-101,5
cohere,5
flan-t5-base-(250m),5
meta-llama-3-70b,5
meta-llama-3-8b,5
gpt-2-medium,5
t0-(11b),5
gpt-3.5-(gpt-3.5-turbo),5
lamda-137b,5
ernie-bot,5
baichuan2,5
gpt-4.0,5
qwen1.5-14b,5
t0,5
vicuna-(7b),5
code-llama-7b,5
qwen2.5-72b-instruct,5
palm-(540b-parameters),5
stable-diffusion-xl,5
gemma2-27b,5
bart-base-(140m),5
chatgpt-(gpt-3.5-turbo-1106),5
gopher-280b,5
starcoder-(15.5b),5
vision-transformer-(vit),5
mistral-7b-v0.2,5
gpt2-xl,5
segment-anything-model-(sam),5
qwen1.5-7b-chat,5
tinyllama-1.1b,5
ul2-(20b),5
gpt-1,5
instructgpt-(text-davinci-002),5
mistral-7b-v0.3,5
bart-large-(400m),5
galactica-6.7b,5
deepseek-coder-33b,5
text-babbage-001,5
bloomz-7b,5
codex-(12b),5
biomistral-7b,5
gpt-2-(117m),5
gpt2,5
davinci,5
code-llama-34b,5
gemma,5
ernie,5
mixtral-8x22b-instruct-v0.1,5
codegen-2b,5
deepseek,5
minerva-540b,5
sam,5
text-embedding-ada-002,5
alpaca-(7b),5
gpt2-large-(774m),5
pythia,5
graphcodebert,5
qwen1.5-32b,5
baichuan-13b-chat,5
chatgpt-(gpt-4),5
"llama-(7b,-13b,-33b,-65b)",4
clip-vit-b/32,4
olmo-7b,4
bert-(base),4
gpt-series,4
baichuan,4
llama-3.1-(70b),4
starcoder-15b,4
llava-next,4
qwen-2-72b,4
swin-transformer,4
qwen-72b-chat,4
gpt-4o-2024-05-13,4
gpt-4o-mini-2024-07-18,4
stable-diffusion-v2.1,4
stable-diffusion-v1.5,4
clip-(vit-l/14),4
mpnet,4
dall-e-3,4
flan-t5-base,4
t0pp-(11b),4
gpt-4-(gpt-4-1106-preview),4
instructblip-13b,4
gemini-pro-1.0,4
transformers,4
google-bard,4
gemini-pro-vision,4
mae-vqgan,4
resnet-50,4
llama2-chat-70b,4
t0-(3b),4
cohere-command,4
llama-2-70b-chat-hf,4
t5-large-(770m-parameters),4
deepseek-coder-7b,4
llama2-chat-13b,4
zephyr-7b,4
video-llama,4
alpaca-13b,4
davinci-002,4
gemma2-9b,4
qwen-vl-(7b),4
t0++-(11b),4
deepseek-coder-33b-instruct,4
o1,4
deepseekmath-7b,4
copilot,4
mixtral-8x7b-v0.1,4
clinicalbert,4
flan-ul2,4
vicuna-(13b),4
flan-palm-62b,4
gpt-3-text-davinci-002,4
bert-large-(340m),4
metamath-70b,4
phi-3-mini-128k-instruct,4
phi-3-medium-128k-instruct,4
text-ada-001,4
llama-1-7b,4
llama2-(70b),4
flan-t5-small-(80m),4
internlm2-20b,4
claude-instant,4
llava-onevision-7b,4
gpt2-medium,4
deepseek-coder-1.3b,4
flan-ul2-20b,4
gpt-3-davinci,4
claude-v1,4
wizardlm-13b,4
llava-next-7b,4
llama-3.2-3b,4
qwen2.5-1.5b,4
qwen2.5-3b,4
llama-7b-(7b),4
qwen-2-7b,4
gatortron,4
xlm-roberta,4
glm-4-9b,4
palm-2-s*,4
bloom-7.1b,4
gpt-2-xl,4
qwen2-vl,4
vilt,4
cogvlm-17b,4
dall-e,4
glam,4
instructblip-vicuna-7b,4
mpt-7b-instruct,4
gpt-3.5-(175-billion-parameters),4
t5-base-(250m),4
internlm-7b,4
claude-1.3,4
mistral-7b-instruct-v0.1,4
llama-2-chat,4
deepseek-coder-6.7b-instruct,4
gpt-3-(davinci-002),3
gpt-2-1.5b,3
controlnet,3
llava-1.5-(7b),3
t0-11b,3
mpt-30b-chat,3
claude3-haiku,3
davinci-003,3
gemma-2-9b-it,3
dinov2,3
vicuna-(based-on-llama),3
bloomberggpt-(50b),3
videochat,3
vicuna-13b-v1.5-16k,3
metamath-mistral-7b,3
llama2-chat,3
unifiedqa,3
pythia-70m,3
opt-(6.7b),3
gpt-2-(1.5b-parameters),3
stable-diffusion-2,3
mistral-8x7b,3
incoder-6b,3
openflamingo,3
gemini-flash,3
debertav3-large,3
gpt-4-vision-preview,3
gpt-3-(text-davinci-003-variant),3
xlm-r,3
gemma-2-27b-it,3
palm2-bison,3
phi-1.5-(1.3b),3
deepseek-67b,3
llava-v1.5,3
flan-t5-small,3
internvl2-2b,3
qwen-1.5-7b,3
"llama-(touvron-et-al.,-2023)",3
clip-b/16,3
flava,3
qwen1.5-110b,3
claude-instant-1.2,3
albert-xxlarge,3
wizardlm-13b-v1.2,3
falcon-40b-instruct,3
grounding-dino,3
phind-codellama-34b-v2,3
med-palm,3
instructblip-7b,3
video-llava,3
flan,3
text-davinci-003-(175b),3
mistral-nemo,3
glip,3
deepseek-v2-chat,3
llama3.1-70b-instruct,3
mixtral-8x7b-inst,3
t5-(3b),3
gpt-(openai),3
claude3-sonnet,3
palm-2-(540b),3
longchat-13b-16k,3
glm-(130b),3
llava-1.5-(7b-and-13b),3
openai-o1-preview,3
internvl2-26b,3
internvl2-llama3-76b,3
command-r-(35b),3
chinchilla-70b,3
gpt-4-(0613),3
roberta-large-(355m),3
gpt-2-base,3
meta-llama-3-70b-instruct,3
code-llama-(34b),3
stable-diffusion-1.5,3
glm-4v,3
bert-base-cased,3
qwen2.5-32b,3
resnet18,3
yolo-world,3
llava-1.6-34b,3
gpt-3-curie-(6.7b),3
yi-6b,3
dino,3
bert-(base-and-large),3
gpt2-base,3
bloom-7b1,3
dolly-v2-3b,3
codellama-70b,3
flan-t5-large-(783m),3
phi-2-(2.7b),3
mistral-7b-(7b),3
mammoth-70b,3
llama-2-(7b-and-13b),3
flan-t5-base-(220m),3
text-davinci-002-(175b),3
galactica-30b,3
gpt-4-omni,3
idefics-80b,3
meditron-70b,3
vicuna-1.5-13b,3
mixtral-8x22b-v0.1,3
deepseek-math-7b-rl,3
idefics2-8b,3
video-chatgpt,3
open-flamingo,3
none-specified,3
internvit-6b,3
text-davinci-001,3
incoder-(6.7b),3
lamda-(137b),3
mpt-30b,3
gpt4-v,3
plbart,3
llama-vid,3
t5-large-(800m),3
wizardlm-70b,3
koala-13b,3
qwen2.5-72b,3
gemma-2-2b,3
phi-3-mini,3
phi-3-medium,3
palm-2-bison,3
longformer,3
google's-gemini,3
llama-adapter-v2,3
davinci-(175b),3
llama-13b-(13b),3
colbertv2,3
claude-sonnet-3.5,3
wizardmath-13b,3
llava-1.5-(13b),3
claude-sonnet,3
phi-3-medium-4k-instruct,3
yi-6b-chat,3
sqlcoder-34b,3
hubert,3
code-llama-(7b),3
clip-(vit-l/14@336px),3
chatgpt-(gpt-3.5-turbo-16k),3
chatgpt-4o,3
deepseekmath-7b-instruct,3
bloom-560m,3
claude3,3
gemma-(7b),3
gpt-turbo-3.5,3
falcon-(7b),3
pubmedbert,3
codellama-(7b),3
mixtral-7b,3
ernie-bot-4.0,3
gemini-1.0-ultra,3
mplug-owl2,3
sphinx,3
gpt-4o-(2024-05-13),3
mistral-large-2,3
code-llama-13b,3
zephyr-7b-beta,3
palm-2-large,3
qwen-max,3
phi-1.5,3
llava-(7b),3
gpt-3-(text-davinci-001),3
gpt-3.5-(gpt-3.5-turbo-1106),3
mamba,3
claude-instant-1,3
minigpt-v2,3
gpt-4-o,3
mt5,3
minerva,3
sdxl,3
phi-3,3
yi,3
gemma-2,3
"codellama-(7b,-13b,-34b)",3
flan-t5-large-(770m),3
bioclinicalbert,3
gpt-3.5-(gpt-3.5-turbo-0613),3
unifiedqa-base,3
ul2,3
codet5+,3
lavila,3
xglm-7.5b,3
codegen-16b,3
distilroberta,3
flan-t5-3b,3
qwen-2.5-72b,3
qwen2-math-7b,3
"llama-2-chat-(7b,-13b,-70b)",3
bloom-175b,3
codeqwen1.5-7b-chat,3
ul2-20b,3
llama-3.2-11b,3
bing-chat,3
mbart,3
t5-xl-(3b),3
instructgpt-(6.7b),3
qwen2-1.5b,3
codellama-(13b),3
llama3.1-8b-instruct,3
llava-onevision-72b,3
deepseek-coder-1.3b-instruct,3
llava-1.6-7b,3
code-llama,3
glm-3-turbo,3
wizardcoder,3
large-language-models-(llms),3
mixtral-8×7b,3
qwen1.5-110b-chat,3
llama-2-(7b-parameters),2
decision-transformer-(dt),2
wizardcoder-python-34b,2
j1-jumbo,2
j1-large,2
cohere-xlarge,2
gemini-1.0,2
gpt-3.5-(175-billion),2
all-minilm-l6-v2,2
fid,2
llama3-(70b),2
llama-1,2
qwen2-72b-ins,2
t5-base-(220m-params),2
t0++-11b,2
transformerxl,2
glm-(6b),2
transformer-(no-specific-size-mentioned),2
"llama-2-(7b,-13b)",2
"orca-2-(7b,-13b)",2
chatgpt-(text-davinci-003),2
albef,2
llama-series,2
not-specified-in-the-provided-text,2
chatgpt-(gpt3.5-turbo),2
zephyr-7b-sft-full,2
finma-(based-on-llama),2
llama-3.1-(405b),2
vila,2
vicuna-7b-(based-on-llama),2
llav-a,2
instructgpt-(text-davinci-001),2
gpt-3-codex-(code-davinci-002),2
gpt2-1.5b,2
llama-3b,2
mathstral-7b,2
pali,2
clip-l,2
codet5-base,2
wizardcoder-15b,2
deepseek-6.7b,2
falcon-(40b),2
gpt-neo-(1.3b),2
llamav2-7b,2
clip-vit-l/14,2
sfr-embedding-mistral,2
owl-vit,2
yolov8,2
deepseek-coder,2
phi-3-(14b),2
vicuna-llm,2
ofa-large,2
xglm-(7.5b),2
incoder-(1.3b),2
codet5+-(770m),2
santacoder-(1.1b),2
codegen2-(16b),2
codegen-multi-(16b),2
codegeex2-(6b),2
idefics-(9b),2
openllama-(7b),2
instruct-gpt3-(text-davinci-002),2
bertweet,2
stablelm-7b,2
efficientnet,2
vicuna-v1.3-13b,2
phi-3-mini-(3.8b),2
llama-(various-versions),2
wizardcoder-15b-v1.0,2
gpt-3-6.7b,2
qwen-1.5-32b,2
qwen-1.5-72b,2
"lamda-(thoppilan-et-al.,-2022)",2
clip-l/14,2
llav-a-13b,2
minigpt4-7b,2
multimodal-gpt,2
vicuna-33b-v1.3,2
jurassic,2
chatgpt-4.0,2
resnet-34,2
kimi,2
pubmedbert-(based-on-bert),2
ofa-huge,2
bloomz-7b1,2
claude-instant-v1.0,2
deepseekmath-base,2
rnns,2
flan-palm-(540b),2
llava-v1.6-mistral-7b,2
vgg-19,2
codellama-instruct-13b,2
gopher-(280b),2
openai-gpt-3.5-turbo,2
mpt,2
internvl,2
llava-(13b),2
instructblip-(13b),2
gemma-2-(2b),2
gpt-3-codex,2
midas,2
llama3-70b-inst,2
metagpt,2
llama3-chat-70b,2
deepseek-(7b),2
vicuna-v1.3-7b,2
otter,2
palm-(size-not-specified),2
dolly-v2-12b,2
resnet,2
claude3.5-sonnet,2
opt-iml,2
chatglm-2-(6b),2
starcoderbase-7b,2
gpt-(unspecified-size),2
gpt-vision,2
qwen-1.8b,2
moonshot-v1-8k,2
palm-(62b),2
gpt-3.5-0125,2
gemini-1.5-pro-001,2
gemma-7b-(7b),2
command-r+-(104b),2
st-moe-32b,2
llama2-34b,2
whisper-large-v2,2
gpt-3.5-turbo-(unknown-size),2
gpt-3-babbage-(1.3b),2
mistral-instruct-7b,2
command-r,2
codegen-(16.1b),2
alphacode-(1.1b),2
palm-2-(text-bison-001),2
ct-bert-(v2),2
llama-3.1-8b-(8b),2
pmc-llama-13b,2
gpt3-175b,2
"code-llama-(7b,-13b,-34b)",2
flant5,2
r3m,2
flan-t5-xxl-(13b),2
roberta-(base-and-large),2
gopher-7b,2
blip-(vit-b/16),2
gemini-1.0-pro-vision,2
gpt-4-turbo-with-vision,2
chatgpt-(based-on-instructgpt),2
flan-t5-large-(760m),2
llama-3-instruct-8b,2
t5-(770m),2
film,2
llama-160m,2
st-moe-(269b),2
flan-palm-8b,2
rt-2,2
idefics,2
baichuan-2,2
deepseek-math,2
wizardmath-70b,2
yi-(6b),2
gemma-(2b),2
"llama2-(7b,-13b)",2
falcon-180b,2
phi-3-(3.8b),2
gemma-1.1-7b-instruct,2
vit-l/14-from-clip,2
phi-3-small-128k-instruct,2
pali-x-(55b),2
instruct-gpt-3-(davinci-002),2
bigbird-base,2
gpt-4-(gpt-4-0314),2
chinchilla-7b,2
code-cushman-001,2
palm-2-xxs,2
palm-2-xs,2
elmo,2
llama-1-13b,2
toolalpaca-7b,2
pointnet++,2
gpt-2-(medium),2
qwen-1.5-(72b),2
mistral-instruct-7b-v0.2,2
t0pp,2
qwq-32b-preview,2
qwen2.5-math-72b,2
unilm,2
openbiollm-70b,2
bart-(base),2
gpt-4-0314,2
llama-(various-sizes),2
code-davinci-001,2
polycoder,2
mistral7b-v0.3,2
wizardmath-70b-v1.0,2
llava-34b,2
openflamingo-(9b),2
sonnet,2
opus,2
llama-3-70b-chat,2
llama-3-8b-chat,2
claude-instant-v1,2
claude-v2,2
llava1.5-7b,2
deepseek-7b-coder,2
codegen-mono-2b,2
align,2
llama-3.2-1b,2
phi-3-small,2
gpt-j-(6.7b),2
falcon-40b-(40b),2
whisper-large-v3,2
groundingdino,2
wizardcoder-33b,2
codeqwen-7b,2
chatgpt-4v,2
qwen-2.5-7b,2
llama-2-(7-billion-parameters),2
qwen1.5-1.8b,2
mistral-v0.2-7b-instruct,2
internlm-70b,2
gpt-3-code-davinci-002,2
minigpt-4-(vicuna-13b),2
instructblip-(vicuna-7b),2
code-llama-(13b),2
gpt-175b,2
scifive,2
gemini1.5-pro,2
llama3.1-405b-instruct,2
claude-haiku,2
phi3-14b,2
glm-3,2
mistral-7b-32k,2
vilbert,2
gpt-3-text-davinci-003,2
codex-davinci-002,2
llama3.1-405b,2
llava-(based-on-llama),2
chatglm3-6b-32k,2
macaw-11b,2
claude3-opus,2
gemini-vision-pro,2
x-decoder,2
phi-3-3.8b,2
mixtral-8x7b-(56b),2
phi-3-vision,2
yi-vl-6b,2
minicpm-llama3-v2.5,2
cogvlm-chat,2
yi-vl-34b,2
qwen-1.5-7b-chat,2
gemma2-2b-it,2
vicuna-13b-(based-on-llama),2
codellama2-instruct-7b,2
codegen-350m,2
starcoder2-3b,2
qwen-(7b),2
qwen-32b,2
t5-base-(223m),2
flanpalm-(540b),2
flan-t5-large-(750m),2
codellama-7b-instruct-hf,2
codellama-7b-python,2
codegpt,2
chatdoctor,2
pmc-llama,2
huatuogpt,2
llava-med,2
disc-medllm,2
shennong-tcm-llm,2
medicalgpt,2
zhongjing,2
starling-7b-beta,2
minigpt-4-(7b),2
universal-transformer,2
deepseek-vl,2
bm25,2
diffusion-models,2
"gpt-3-(brown-et-al.,-2020)",2
gpt-2-(various-sizes),2
llama-2-(7b/13b/70b),2
fuyu-(8b),2
opt-(1.3b),2
gpt-neox,2
flan-t5-(large),2
codegen-(6b),2
imagebind-llm,2
mplug-owl,2
mmicl,2
infmllm,2
gpt-4-turbo-(1106-preview),2
qwen-1.5-14b-chat,2
qwen-turbo,2
llama-3.1-instruct-8b,2
gpt-4-(1.7-trillion-parameters),2
gpt-4-(unknown-size),2
musicgen,2
transformer-xl,2
igpt,2
imagebind,2
qwen1.5,2
openai's-o1,2
gpt-4-(gpt-4-0125-preview),2
alpaca-lora-(7b),2
gpt-2-(1.5-billion-parameters),2
dbrx-instruct,2
palm-2-text-bison,2
palm-2-text-unicorn,2
gpt-3.5-(174b),2
gpt2-medium-(345m),2
llamav2-13b,2
palm-(540-billion-parameters),2
visualbert,2
gpt-neo-(1.3b-parameters),2
gpt-neo-125m,2
palm-coder,2
medalpaca-13b,2
qwen2.5-0.5b,2
meta-llama-3.1-8b-instruct,2
megatron-turing-nlg-530b,2
videochat2,2
gpt-(generative-pretrained-transformer),2
sharegpt4v-7b,2
qwen-vl-chat-7b,2
gpt-3-(davinci-003),2
longchat-7b,2
rwkv-(14b),2
cnn,2
llama2-7b-base,2
llama3-7b,2
incoder,2
llama-3.1-405b-instruct,2
phi-3.5-mini-3.8b,2
gpt-3.5/4,2
llama-2-chat-(70b),2
fastchat-t5-3b,2
llava-1.6-mistral-7b,2
gpt-4-turbo-1106-preview,2
codex-175b,2
deberta-v3,2
chatgpt4,2
ada,2
gpt-3.5-turbo-(chatgpt),2
llama-2-7b-32k-instruct,2
mpt-30b-instruct,2
blip-2-opt-6.7b,2
palm-2l,2
gpt-3.5-turbo-(154b),2
roberta-large-(340m),2
gemma-1.1-7b,2
gpt-3.0-text-davinci-003,2
zephyr,2
qwen1.5-4b,2
llava-next-vicuna-7b,2
deepseek-vl-7b,2
llava-next-mistral-7b,2
llava-next-vicuna-13b,2
llava-v1.6-(mistral-7b),2
glm-4v-9b,2
bart-large-(406m),2
gpt-3-(6.7b),2
codex-cushman,2
codex-davinci,2
vision-language-model-(vlm),2
gpt2-small-(124m),2
gpt2-large-(0.8b),2
gpt4o-mini,2
finbert,2
deepseek-chat,2
llama-2-chat-(13b),2
starcoder2-7b,2
gpt-3-(curie),2
biolinkbert-large,2
biomedlm,2
chatglm3-6b-base,2
gpt-jt-(6b),2
mantis,2
gpt-3-curie-(13b),2
gemini-1,2
bloomberggpt,2
t5-v1.1-large-(770m),2
gpt-2-large-(774m),2
"llama-2-(7b,-13b,-34b,-70b)",2
lawyer-llama,2
i3d,2
meditron,2
openai-o1-mini,2
phi3-mini,2
meta-llama-3.1-70b-instruct,2
codegen2.5-(7b),2
qwen1.5-1.8b-chat,2
llama-2-70b-instruct,2
glm4-9b-chat,2
redpajama-3b,2
deepseek-llm-67b,2
vicuna-13b-v1.3,2
mineclip,2
vgg16,2
baichuan-2-7b,2
stablevicuna-13b,2
codegeex-(13b),2
gpt4-turbo,2
mamba-2.8b,2
alexatm-20b,2
vit-22b,2
bard-(palm-2),2
dall-e3,2
gpt-3.5-turbo-16k-0613,2
t5-small-(77m),2
llama-2-(13b-parameters),2
instructblip-vicuna-13b,2
phi-3.5-mini-instruct-(3.8b),2
phi-3-medium-4k-instruct-(14b),2
gpt-3.5-(chatgpt),2
deepseek-coder-7b-instruct,2
phi-2-7b,2
gpt4v,2
deepseek-coder-v2,2
claude-3-5-sonnet,2
gpt-35-turbo-16k,2
llama-1-(7b),2
guanaco-33b,2
matscibert,2
openhermes-2.5-mistral-7b,2
codegen-(350m),2
glm4,2
flan-t5-(3b),2
chatglm2,2
qwen-1.5-72b-chat,2
vit-base,2
davinci003,2
qwen-1.5-110b,2
mixtral-8x22b-instruct,2
baichuan-2-13b,2
chatglm2-(6b),2
llama-v2-7b,2
sentence-bert-(minilm),2
qwen2-vl-72b,2
internvl2-40b,2
minicpm-v-2.6,2
vila-1.5-40b,2
pythia-160m,2
chatgpt-3,2
bloom-1b1,2
gpt-3-ada,2
gpt-3-babbage,2
gpt-3-curie,2
llava-one-vision,2
opt-13b-(13b),2
opt-30b-(30b),2
deberta-v3-base,2
large-language-model-(llm),2
llama-(7b-to-65b),2
glm-4-air,2
codegeex2-6b,2
detic,2
cohere-command-light,2
vicuna-1.5-7b,2
starcoder-16b,2
llama3-llava-next-8b,2
clip-vit-b/16,2
guanaco-65b,2
llama-2-13b-chat-hf,2
starcoder+-(15.5b),2
gpt-2-medium-(345m),2
openchat-7b,2
qwen-vl-chat-(7b),2
llava-next-13b,2
simcse,2
mistral-small,2
internlm-xcomposer2,2
mixtral-(8x7b),2
palmyra-med-(20b),2
meditron-(70b),2
guanaco-7b-hf,2
vit-large,2
magicoder-(7b),2
baichuan-13b,2
pmc-llama-(13b),2
gpt-4-(32k),2
claude-2.0,2
starcoder-15.5b,2
chinese-llama-2-7b,2
minigpt4,2
stable-diffusion-2.1,2
flan-t5-xl-(3b-parameters),2
compgcn,2
flan-u-palm-540b,2
gpt-2-(345m),2
gpt-3-(1.3b),2
baichuan-13b-base,2
gpt-3-(text-curie-001),2
palm-2-l-it,2
dall·e,2
tinyllama-(1.1b),2
chinese-llama-2-13b,2
"chatgpt-(gpt-3.5,-175b)",2
qwen1.5-32b-chat,2
bloom-3b-(3b),2
"small-transformers-(one-layer,-relu,-128-dimensional-embeddings,-4-attention-heads,-512-hidden-units-in-mlp)",1
roberta-(110m),1
deberta-(134m),1
albert-xxl-(235m),1
megatron-(1.3b),1
megatron-(3.9b),1
blip-2-(with-flan-t5-11b-and-vit-g/14),1
codet5-small-(60m),1
codet5-base-(220m),1
codet5-large-(770m),1
internlm2-base-7b,1
internlm2-base-20b,1
mixtral-medium-7x8b-moe,1
mixtral-7x8b-moe-instruct,1
yi-chat-34b,1
stripedhypena-nous-7b,1
hessian-7b,1
transformer-ar,1
mdlm-(masked-diffusion-language-model),1
llama-3-8b-instruct-(4-bit-quantization),1
j1-grande,1
gpt-curie,1
forefrontai-qa,1
fairseq,1
pythia-(2.8b),1
galactica-(6.7b),1
llama-2-7b-chat-(7-billion),1
llama-2-13b-chat-(13-billion),1
mistral-7b-instruct-(7-billion),1
mixtral-8x7b-(46.7-billion),1
phi-2-(2.7-billion),1
gemma-7b-(7-billion),1
all-mpnet-base-v2,1
llav-a-(34b),1
sharegpt4v-(13b),1
rag,1
new-bing-(chatgpt-enhanced),1
mixtral-(46.7b),1
gpt-2-774m,1
gpt-2-117m,1
gpt-2-(124m),1
gpt-(125m-to-30b),1
opt-(125m-to-30b),1
gpt-4o-mini-(size-not-specified),1
gpt-3.5-turbo-(size-not-specified),1
deepseek-v2-0628-(236b),1
deepseek-coder-v2-0724-(236b),1
llama3-70b-ins,1
dscoder-33b-ins,1
llama2-7b-ins,1
codellama-7b-ins,1
codeqwen1.5-7b-ins,1
deepseek-llm-7b-ins,1
dscoder-6.7b-ins,1
llama3-8b-ins,1
vision-transformer-(vit-l/14),1
pert,1
babyai-1.1-model-architecture-(lstm-based),1
pali-(17b),1
chatgpt-(gpt-3.5-and-4),1
bart-base-(139m-params),1
bart-large-(406m-params),1
t5-large-(770m-params),1
chatgpt-(gpt-3.5/gpt-4),1
distillbert,1
minicpm,1
siglip-vit,1
instructgpt-3-(13b),1
gpt-125m,1
gpt-2.7b,1
gpt-6b,1
claude+-(100k-token-context-window),1
palm-2-(code-bison),1
gpt-3-(176b),1
qwen1.5-8b-chat,1
"deepseek-v2-(230b,-21b-active)",1
"mixtral-7x8b-(47b,-13b-active)",1
text-davinci-3-(175b),1
alpaca-lora,1
zephyr-7b-β,1
roberta-ar,1
merit-ar,1
gpt2-small-(160m-parameters),1
gpt2-large-(840m-parameters),1
phi-3.5-vision-instruct,1
llama-3.2-90b-vision-instruct,1
jamba-(7b),1
mamba-(2.8b),1
s4-h3-(2.7b),1
claude-v1.3-100k,1
"t5-(small,-base,-large)",1
"pythia-(70m,-160m,-410m,-1b,-1.4b,-2.8b,-6.9b,-12b)",1
"mpt-(7b,-7b-instruct,-30b,-30b-instruct)",1
"falcon-(7b,-7b-instruct,-40b,-40b-instruct)",1
"olmo-(7b,-7b-instruct)",1
gpt-3.5-(>20b),1
chatgpt-(text-davinci-002),1
vicuna-7b-v1.3,1
yi-6b-200k-(6b),1
yi-34b-200k-(34b),1
vicuna-7b-v1.5-16k-(7b),1
vicuna-13b-v1.5-16k-(13b),1
longchat-7b-v1.5-32k-(7b),1
longchat-13b-16k-(13b),1
mistral-7b-instruct-v0.2-(7b),1
mixtral-8x7b-instruct-v0.1-(45b),1
zephyr-7b-beta-16k-(7b),1
incite-3b,1
dolly-3b,1
nous-capybara,1
llema-7b,1
falcon-(1b),1
instructgpt-3+rlhf-(gpt-3.5-turbo),1
alpaca-lora-(based-on-llama),1
medalpaca-(based-on-llama),1
robin-medical-(based-on-llama),1
llava-onevision-(based-on-qwen-0.5b),1
llava-onevision-(based-on-qwen-7b),1
"qwen-1.5-(0.5b,-1.8b,-4b,-7b,-14b,-32b,-72b,-110b)",1
"yi-1.5-(6b,-9b,-34b)",1
chatgpt-(gpt-35-turbo),1
llava-1.5-(based-on-vicuna-13b),1
versatilediffusion,1
instructdiffusion,1
llama-(7b-to-70b),1
yi1.5-34b,1
xuanyuan2-70b-base,1
yunshan-7b,1
magicoder-(6.7b),1
flan-palm-2-(m),1
flan-palm-2-(l),1
palm2-s-(bison),1
palm2-xxs-(gecko),1
palm2-xs-(otter),1
tinycodelm-150m,1
tinycodelm-400m,1
imp,1
transformer-encoder-decoder-(no-specific-size-mentioned),1
videochatgpt,1
valley,1
gpt-3-codex-(code-davinci-001),1
vl-bart,1
gpt2-335m,1
gpt2-774m,1
gpt-3.5-turbo-(175-billion-parameters),1
vicuna-13b-(fine-tuned-on-llama-2),1
granite-3b,1
granite-7b,1
clip-b,1
coca-b,1
coca-l,1
mistral-50b,1
chatgpt/gpt-4,1
"gpt-3-(brown-et-al.,-2020b)",1
"opt-(zhang-et-al.,-2022)",1
"anthropic-llm-(bai-et-al.,-2022)",1
"vicuna-(chiang-et-al.,-2023)",1
"llama-(touvron-et-al.,-2023a)",1
"falcon-(penedo-et-al.,-2023)",1
gpt-3.5-(text-davinci-003-and-gpt-3.5-turbo),1
phind-codellama-34b,1
wizardcoder-py-34b,1
deepseek-33b,1
mosaic-(7b),1
vl-t5,1
gpt-jt-6b,1
blenderbot3-(bb3-30b),1
blenderbot3-(bb3-175b),1
flan-palm-2,1
mini-gemini,1
gpt-2-(12-layers),1
gpt-2-(1-layer),1
mugglemath-13b,1
detr,1
phi-3-mini-3.8b,1
mistral-7b-instruct-0.3,1
phi-2.7b,1
unifiedqa-t5-base-(220m),1
unifiedqa-t5-large-(770m),1
mistral-v0.3,1
biovil,1
"gpt-3-(text-ada-001,-350m)",1
"gpt-3-(text-babbage-001,-1.3b)",1
"gpt-3-(text-curie-001,-6.7b)",1
"gpt-3-(text-davinci-001,-175b)",1
wavlm,1
"t5-(60m,-222m,-737m,-3b,-11b)",1
"dialogpt-(124m,-355m,-774m)",1
mplug-large,1
blip-2-flant5-xl,1
git-large,1
vilt-b/32,1
gpt-2-(up-to-8.7b-parameters),1
chatglm-4,1
atom-(llama-2-chinese),1
"xverse-(13b,-65b)",1
llama-2-3b,1
gpt-3.5-turbo-1106-preview,1
"llama-(6.7b,-13b,-32.5b,-65.2b)",1
"llama-2-(6.7b,-13b)",1
pythia-(6.9b),1
mistral-large-instruct-2407-(123b),1
wavlm-large,1
cogagent-(18b),1
instructgpt-(175-billion-parameters),1
fastspeech-2,1
chatgpt-(gpt-3.5-and-gpt-4),1
gemma-1.1-instruct-(2b),1
gemma-1.1-instruct-(7b),1
llama-3-instruct-(8b),1
60m-transformer,1
pythia-(various-sizes),1
cohere-command1,1
mistral-7b-instruct-(v0.2),1
codegeex-13b,1
codegen2-(1b),1
codegen-mono-(16b),1
"bart-(12-layers,-602m-parameters)",1
palm-l,1
palm-xxs,1
palm-xs,1
google-palm,1
metarulegpt-(30m),1
stable-diffusion-(v2.1),1
baichuan-2-(7b),1
bloom-(560m-to-7.1b),1
pythia-(70m-to-12b),1
codebert-(size-not-specified),1
codet5-(size-not-specified),1
plbart-(size-not-specified),1
dit-xl/2,1
chatgpt-(9-january-2023-version),1
chatgpt-(30-january-2023-version),1
wizardlm-2-(8x22b),1
llama-3.1-instruct-8b-(8-billion-parameters),1
instructblip-flant5-xl,1
ram-14m,1
vit-h,1
leformer,1
polibertweet,1
"chatgpt-(based-on-openai's-gpt-3,-gpt-3.5,-and-gpt-4)",1
google's-bard-utilizing-the-palm-2-llm,1
pathia-12b,1
clip-vit,1
t5-(t5-large),1
clip-resnet50,1
vit-b,1
ada-embedding-002,1
chatgpt-4-with-wolfram-plugin,1
yi-ko-6b,1
eeve-korean-10.8b,1
climax-(uses-transformer),1
mac-model-(no-specific-size-mentioned),1
mistral-v0.2-(7b),1
calmerys-78b-orpo-v0.1,1
"lamda-(244m,-422m,-1b,-64b,-128b)",1
"mpnn-(gilmer-et-al.,-2017)",1
"pgn-(veličković-et-al.,-2020a)",1
"gat-(veličković-et-al.,-2018)",1
oneformer,1
gpt-2-(250m),1
blip2-qformer,1
clap,1
yolov5,1
videomae2,1
screenai-(5b-parameters),1
falcon-rw-1.3b,1
phi-1.5-web-(1.3b),1
palm-(various-versions),1
gpt2-alpaca,1
llama-(150m-parameters),1
mistral-gpt,1
tinybert,1
mobilebert,1
gemini-nano,1
gemma-phi-2,1
text-embedding-ada-350m,1
e5-large-v2-2.8b,1
instructor-large-500m,1
all-minilm-l6-v2-22m,1
davinci-175b,1
babbage-1.3b,1
claude-3.5-70b,1
deepseek-7b,1
gpt4-o,1
llava-v1.3,1
llava-mistral,1
luminous,1
"pythia-(1b,-1.4b,-2.8b,-6.9b,-12b)",1
"olmo-(1b,-7b)",1
"gemma-(2b,-7b)",1
nt5,1
gemini-(base-for-gemma-models),1
freelm-(based-on-gpt),1
chatgpt-3.5-turbo-(175b),1
gpt3-(text-davinci-002),1
"flant5-(780m,-3b,-11b)",1
t0p-(11b),1
roberta-l,1
roberta-l-(cskg),1
car,1
llama-3-8b-262k,1
mistral-small-latest,1
mistral-medium-latest,1
mistral-large-latest,1
"gpt-(brown-et-al.,-2020;-ouyang-et-al.,-2022)",1
"palm-(chowdhery-et-al.,-2023)",1
"mistral-(jiang-et-al.,-2023)",1
videocrafter2,1
streamingt2v,1
modelscope,1
animatediff,1
qwen-1.5-(14b-chat),1
llama-3-(8b-instruct),1
claude-3-(sonnet),1
gpt-3.5-v2,1
gpt-3.5-v3,1
chatgpt-(gpt-model),1
gpt-3-(gpt-3.5-turbo-1106),1
"gpt-4-(128,000-tokens-context-size)",1
openai's-text-embedding-3-large,1
baai/bge-small-en-v1.5,1
nv-embed-v1,1
clip-res50,1
clip-res101,1
clip-b/32,1
gpt-4-(estimated-100t),1
"llama-(300m,-700m,-1.1b)",1
mplug-owl-7b,1
llamaadapter-v2-7b,1
pandagpt-13b,1
visualchatgpt,1
openflamingo-v1,1
otter-v1,1
lynx-(8b),1
llama-2-chat(7b/13b),1
code-llama-instruct-(34b),1
glactica-6.7b,1
gpt-4-(gpt-4o-version),1
groundingdino-large-model-(swinb-cogcoor),1
sam-with-vit-h-model,1
ram++-large-model-(plus-swin-large),1
gemini-ultra-1.0,1
ultralm-13b,1
ultralm-13b-ppo,1
t5-fid,1
llava-one-vision-(qwen2-7b),1
sparkdesk,1
"transformer-decoder-(768-model-dimensions,-12-attention-heads,-3-layers)",1
vit-small-patch16-224,1
densenet121,1
llama-(family-of-models),1
"llama-(16-transformer-layers,-hidden-size-512,-32-attention-heads)",1
biogpt-(based-on-gpt-2),1
biomedlm-2.7b-(formerly-pubmedgpt),1
biobert-(based-on-bert),1
clinicalbert-(based-on-bert),1
pmc-llama-(based-on-llama),1
alexa-teacher-model-(20b),1
clip-vit-l/14@336px,1
t5-11b-(11.3b),1
opt-iml-1.3b,1
blip-2-(flant5-xl),1
flant5-xl,1
gpt-4-(32k-version),1
ernie-lite-8k,1
ernie-speed-128k,1
qwen-long,1
bloomz-mt-(176b),1
chinese-llama-13b,1
chinese-alpaca-13b,1
moss-(16b),1
brio-(based-on-bart),1
primera,1
lstms,1
stack-rnns,1
tape-rnns,1
bert-(multilingual-bert),1
mplug-owl-llama,1
minigpt-4-vicuna-7b,1
pretrained-text-to-video-model-(5.6b),1
seggpt,1
chatgpt-(turbo-3.5),1
s3d,1
clip-vit-b32,1
codellama-instruct-34b,1
af-7b-(7b-parameters),1
flm-2-52b-(52b-parameters),1
roberta-(0.3b),1
t5-(0.7b),1
bit/101/3,1
bit/50/1,1
mix/b/16,1
mix/l/16,1
vit/b/16,1
vit/s/16,1
2.62e+8-param,1
1.07e+9-param,1
4.53e+8-param,1
1.34e+8-param,1
1.68e+7-param,1
gemini-pro-(vision),1
unifiedqa-(223m),1
chat-3.5-turbo,1
claude-(amazon-bedrock-version),1
chatgpt-(v3.5),1
phind-(v8),1
bingai,1
electra-gen-large,1
gpt3-babbage-v1-(6.7b),1
gpt3-curie-v1-(6.7b),1
gpt3.5-davinci-v2,1
gpt3.5-davinci-v3,1
anthropic-claude-v1,1
claude-(v1),1
chatglm2-(7b),1
eleutherai-gpt-j-6b-(6b),1
eleutherai-gpt-neox-20b-(20b),1
openai-text-ada-001-(350m),1
openai-text-babbage-001-(1.3b),1
openai-text-curie-001-(6.7b),1
openai-text-davinci-003-(175b),1
llama-2-(13-billion-parameters),1
sentencebert,1
albert-xxlarge-v2,1
t5-770m,1
bert-based,1
t5-based,1
simcse-roberta,1
minigpt-3d-(2.7b),1
shapellm-(13b),1
pointllm-(13b),1
gpt-2-(standard),1
gpt-2-(small),1
gpt-2-(tiny),1
gpt-neox-(150m),1
cmdr-30b,1
cmdr+-100b,1
gpt-3.5-(100b+),1
phi-3.5-mini-(3.8b),1
mistral-0.2-(7b),1
codellama-70b-python,1
llama-3-(8b-and-70b),1
qwen-2-(7b-and-72b),1
eva-clip-(vit-g/14),1
frozen-in-time,1
mil-nce-(s3d),1
bmt,1
swinbert,1
t5-base-(220m-parameters),1
scifive-base,1
scifive-large,1
wizardmath-(7b),1
deepseek-coder-(7b),1
dialogpt-medium-(355m),1
x-vlm,1
llama3-8b-inst,1
mixtral-8x22b-inst,1
tower-7b-inst,1
tower-13b-inst,1
gpt-2-(fine-tuned-as-slgpt),1
bert-(110m-and-340m-parameters),1
llama-3-70b-instruction,1
aya-23-35b,1
autogpt,1
babyagi,1
generativeagents,1
deepseekmath-7b-base,1
qwen1.5-32b-sft,1
blip2-flan-t5-xl-(3b),1
blip2-flan-t5-xxl-(11b),1
llama3-chat-8b,1
llamma-2-(13b),1
llemma-(7b),1
metamath-(7b),1
vicuna-v1.3-33b,1
vicuna-v1.5-7b,1
vicuna-v1.5-13b,1
falcon-inst-7b,1
falcon-inst-40b,1
gpt-4-(used-for-data-augmentation),1
phi-3-mini-4k-instruct-3.8b,1
ministral-8b-instruct-2410,1
mplug-owl2-v,1
mplug-owl2-i,1
mplug-owl-2,1
internlm-xcomposer-vl,1
flan-t5-xxl-(11.3b-parameters),1
mistral-instruct-(7b-parameters),1
glm3-6b,1
auto-regressive-models-(size-not-specified),1
mpt-7b-chat,1
cohere-cmd-xl,1
davinci-001,1
ada001,1
babbage001,1
curie001,1
esm-1b-(650m),1
esm-2-series-(up-to-3b),1
vicuna-v1.1-(13b),1
orca-(13b),1
codegen-mono-6.1b,1
vicuna-1.3-33b,1
gpt-3-(300b-tokens),1
llama-(1.4t-tokens),1
llama-2-(2t-tokens),1
minigpt-5-(7b),1
seed-llama-(8b),1
seed-llama-(14b),1
emu2-(33b),1
whisper-(39m-to-1.55b),1
chatgpt-turbo-3.5,1
mistralai/mistral-7b-instruct-v0.2,1
meta-llama/meta-llama-3-8b-instruct,1
qwen/qwen1.5-32b-chat,1
microsoft/phi-3-medium-128k-instruct,1
openai-gpt-3.5-turbo-x,1
instructblip-(7b),1
idefics-instruct-(7b),1
internlm-xc.2-vl-(7b),1
llava-v1.5-(7b),1
q-instruct-(7b),1
mplug-owl2-(7b),1
visual-glm-(6b),1
geminipro,1
kosmos-2-(1b),1
otter-(7b),1
openchat-(13b),1
dimperc-(7b),1
minerva-(540b),1
flan-xl-(3b),1
bhaskara-(2.7b),1
flan-large-(770m),1
flan-base-(220m),1
nt5-(3m),1
galactica-(120b),1
bloomz-(176b),1
sphinx-(7b-and-13b),1
instructblip-(7b-and-13b),1
qwen-vl-chat-(10b),1
minigpt-v2-(7b),1
otterhd,1
fuyo-(8b),1
goat-(7b-parameter-transformer),1
mlp-(775m-parameters),1
flan-t5-xxl-(11.3b),1
falcon-instruct-(40b),1
tensorf,1
gaussian-splatting,1
chatgpt-(gpt-3.5-turbo-0125),1
t5-(350m),1
bart-(350m),1
llama-adapter-(7b),1
gpt-2-small-(12-layer),1
parallel-unet,1
claude-3-sonnet-20240229,1
e5-large-unsupervised,1
3d-llm,1
"bert-(base:-6-layers,-512-dimensions,-8-attention-heads)",1
"bert-(large:-10-layers,-1024-dimensions,-16-attention-heads)",1
"albert-(base:-6-layers,-512-dimensions,-8-attention-heads)",1
"albert-(large:-10-layers,-1024-dimensions,-16-attention-heads)",1
baize-(based-on-llama-13b),1
vicuna-(based-on-llama-13b),1
"instructblip-(uses-ev-a-vit-g/224-as-vision-encoder,-vicuna-7b-as-llm)",1
gpt-4-2024-04-09,1
aya-101-(13b),1
mt0-xxl-mt-(13b),1
bloomz-7b-(7b),1
llama-2-7b-(7b),1
llama-3-8b-(8b),1
llama-3-70b-(70b),1
claude-opus-(unk),1
gpt-3.5-turbo-(unk),1
gpt-4-turbo-(unk),1
gpt-4o-(unk),1
codet5-small,1
byt5-small,1
pachinco-(62b),1
starling-7b,1
wav2vec2-xls-r-300m,1
kr-bert,1
klue/roberta-base,1
kr-electra-discriminator,1
t5-(with-rope),1
longformer-large,1
"gpt-3-(2b,-8b)",1
code-llama-(various-sizes),1
"t5-(77m,-250m,-800m,-3b)",1
flan-t5-large-(0.8b),1
dolly-6b,1
cerebras-gpt-13b,1
codestral,1
struxgpt-7b-(based-on-llama2-7b),1
pangu-coder-(2.6b),1
pangu-coder2-(15b),1
"code-davinci-001-(gpt3,-175b)",1
"code-davinci-002-(gpt3.5,-175b)",1
codet5+-(16b),1
instructcodet5+-(16b),1
gpt-4-with-reflexion-(1.76t*),1
santa-coder-(1.1b),1
codex-12b-(12b),1
code-cushman-001-(12b),1
incoder-6b-(6.7b),1
gpt-3.5-(gpt-3.5-turbo-instruct),1
sequence-gan,1
cgan,1
variational-auto-encoder-(vae),1
diffusion-model,1
text-embedding-ada-v2,1
text-embeddings-3-large,1
"bloom-(1.1b,-1.7b,-3b,-7.1b)",1
"gpt-neo-(1.3b,-2.7b,-20b)",1
"llama-(7b,-13b)",1
"opt-(1.3b,-2.7b,-6.7b,-13b)",1
instruct-gpt-(text-davinci-002),1
"gpt-3-(text-ada-001,-text-babbage-001,-text-curie-001,-davinci,-text-davinci-001)",1
magiccoder-(6.7b),1
gru,1
o1-preview-(size-unspecified),1
o1-mini-(size-unspecified),1
phi-3.5-mini-(size-unspecified),1
gpt-4o-mini-(size-unspecified),1
claude-3.5-sonnet-(size-unspecified),1
gpt-4o-(size-unspecified),1
claude-3-haiku-(size-unspecified),1
gpt-4-turbo-(size-unspecified),1
gpt-3.5-turbo-(size-unspecified),1
flan-137b,1
deberta-v3-large-(418m),1
eleutherai-(125m-175b),1
code-davinci-002-(also-known-as-codex-or-gpt-3.5),1
lamda-68b,1
robovqa-videococa-(383m),1
palm-e-562b,1
llama-2-70b-(4-bit-quantized),1
tapex-(based-on-bart),1
omnitab-(based-on-tapex),1
unifiedskg-(based-on-t5),1
t0-(3b-and-11b-parameters),1
"gpt-3-(125m,-1.3b,-2.7b,-6.7b,-and-175b-parameters)",1
mpnet-base-(110m-parameters),1
clip-(150m-parameters),1
deepseek-chat-v2,1
qwen2-57b-a14b-instruct,1
ev-a-clip,1
siglip,1
negclip,1
clip-vip,1
vifi-clip,1
mplug-owl-video,1
pllav-a,1
video-llav-a,1
owl-con,1
eva-clip-giant-(1.3b),1
vit-b-(86m-parameters),1
vit-l-(307m-parameters),1
clip-(vit-b),1
r3m-(resnet-50),1
mvp-(vit-b-and-vit-l),1
vip-(resnet-50),1
"flan-t5-(77m,-248m,-783m,-2.85b,-11.3b,-20b)",1
"pythia-dpo-(70m,-160m,-410m,-1b,-1.4b,-2.8b)",1
gopher-1b,1
gopher-400m,1
gopher-117m,1
gopher-44m,1
mistral-7b-v0.2-instruction,1
chatglm3-(6b-and-32b),1
mistral-7b:-metamath,1
bloomz-176b-mt,1
bloomz-mt-7b,1
llava-v1.6-vicuna-7b,1
internlm-xcomposer2-7b,1
internlm-xcomposer2-vl-7b,1
sphinx-v2-1k,1
bard-(based-on-google's-lamda),1
fastchat-(13b),1
oasst-(12b),1
alpaca-(13b),1
koala-(13b),1
bloom-1.1b,1
gpt-2-xl-1.5b,1
doctor-pujiang-(dr.-pj),1
bert-base-multilingual,1
rubert-base-cased,1
flan-moe32b,1
flan-t5-(various-sizes),1
palm-(various-sizes),1
switch-transformer-(various-sizes),1
gshard-(various-sizes),1
vq-vae,1
gpt-4-vision-(gpt4-v),1
lambada,1
mixtral-(8x22b),1
mistral-instruct-7b-v0.3,1
phi-3-medium-4k-instruct-(13b),1
longformer-encoder-decoder-large-(led-large),1
mac,1
vectornmn,1
vectornmn-gt,1
minigpt-v2-(llama-2-chat-7b),1
gpt3-(various-sizes),1
opt-(6-7b),1
llama-(6-7b),1
llama1-7b,1
bert-(size-not-specified),1
"palm-(1b,-8b)",1
"gpt-3-(13b,-175b)",1
tinyllama-(1.1b-parameters),1
longchat,1
"transformer-(small,-unspecified-size)",1
qwen-vl-(qwen-7b),1
clip-l-14,1
vicuna-(7b-and-13b),1
longformer-large-(435m-parameters),1
gpt-3.5-turbo-(20b),1
gpt-davinci-003-(175b),1
"instructgpt-(ada,-babbage,-curie,-davinci)",1
"opt-(66b,-175b)",1
mistral-large-2-123b,1
distilbert-base-(66m),1
elmo-large-(94m),1
all-mpnet-base-(110m),1
e5-base-(110m),1
e5-large-(340m),1
unifiedqa-base-(223m),1
unifiedqa-large-(738m),1
flan-t5-base-(248m),1
mixtral-8x7b-(8x7b),1
gemini-1.0-s,1
gpt-3-13b,1
custom-base-model-(1.6b-parameters),1
gpt-based-llms-(openai),1
openflamingo-9b-(llama-7b-and-clip-vit/l-14),1
minigpt4-(vicuna-based-on-llama-13b-and-blip-2),1
moftransformer,1
deepseekmath,1
1-layer-simplified-decoder-only-transformer-(hidden-size-varies),1
8-layer-transformer-(hidden-size-varies),1
bloom-(3b),1
phi-2-(2b),1
tinyllama-(1b),1
"vicuna-(7b,-13b,-30b)",1
microsoft-phi-2,1
qwen-2.5-14b,1
qwen-2.5-32b,1
deepseekcoder-7b,1
deepseekcoder-33b,1
mistral-codestral-22b,1
t5-(770m-to-540b),1
llama-7b-(~7b-parameters),1
flan-t5-xxl-(11b-parameters),1
codex-cushman-(12-billion-parameters),1
galactica-120b,1
mistral-7b-(instruct),1
dalle-3,1
mixtral-8×7b-instruct,1
metamath-13b,1
mammoth-13b,1
deepseek-math-7b-instruct,1
metamath-7b,1
mammoth-7b,1
gemma-1.1-2b-instruct,1
gpt-3-text-series,1
gpt-3-6b,1
"codegen-(350m,-2.7b,-6.1b,-16.1b)",1
"gpt-neo-(350m,-2.7b)",1
"codex-(300m,-2.5b,-12b)",1
biomedclip-(vit-b/16),1
openclip-(vit-g/14),1
llava-(vit-l/14-&-llama-2-7b),1
chatgpt-4-(gpt-4),1
openflamingo-(vit-l/14-&-incite-3b),1
adept-fuyu-8b,1
bevdet-(resnet-50),1
bevdet4d-(resnet-50),1
bevformer-(resnet-101),1
t5-(base-and-large-variants),1
yi-1.5-6b,1
gpt3.5-turbo-instruct,1
albert-large-v2,1
pali-3-(5b),1
dall·e-2,1
"flan-t5-(small,-base,-large)",1
yi-1.5-34b,1
internlm2-math-20b,1
"flant5-(small,-base,-large,-xl,-xxl)",1
flanul2,1
"gpt-3-(text-davinci-002,-text-davinci-003)",1
gpt-3.5-/-chatgpt-(gpt-3.5-turbo-0301),1
"jurassic2-(j2-jumbo-instruct,-j2-grande-instruct,-j2-jumbo,-j2-grande,-j2-large)",1
deberta-v2-xlarge,1
llama-3-8b-prolong-base,1
gemma-7b-instruct,1
minigpt-4-(13b),1
instructblip-(built-upon-vicuna),1
llava-(built-upon-llama-2-13b-chat),1
mixtral-8x7b-instruct-v01,1
idefics-instruct-9b,1
idefics-instruct-80b,1
palmyra-vision-003,1
google-bard/gemini,1
fox-1-1.6b-(1.6b-parameters),1
fox-1-1.6b-instruct-v0.1-(1.6b-parameters),1
flan-alpaca,1
llama-38b,1
llama-370b,1
gpt4v-(175-billion-parameters),1
llama-3.1-8b-ins.,1
mistral-7b-ins.-v0.3,1
video-chat,1
video-llamav2,1
self-rag-(based-on-llama2),1
transformer-based-model,1
behavior-transformer-(bet),1
decoder-only-transformer-(100m-parameters),1
decoder-only-transformer-(1b-parameters),1
palm-2-code-bison,1
biomed-roberta,1
bing,1
unit-mbart,1
clip-vit-large,1
lenet5,1
resnet32,1
openllama-3b,1
stable-diffusion-(sd),1
gpt-4-1106,1
"gpt-3-(text-davinci-003,-175b)",1
mistral-v0.2-7b,1
bert-base-(100-million-parameters),1
bert-large-(300-million-parameters),1
gapartnet,1
t5-(large),1
gpt-2-(12-layer),1
t5.1.1-xl-(3b-parameters),1
gpt-2-(89.3m-parameters),1
qwen-1.5-(110b),1
gpt-3.5-(turbo),1
clip-(rn50),1
atlas-(3b),1
gpt-4-(06/13),1
mistral-large-(24/02),1
llama-7b-(fine-tuned),1
llama-405b-ins,1
sonnet-3.5,1
llama-3.1-8b-turbo,1
minigpt4-13b,1
openflamingo-9b,1
alpaca-(based-on-llama-7b),1
conditional-neural-processes,1
mingpt,1
blip-2-t5-xxl,1
pali-x-55b,1
efficientvit-sam,1
clip-vit-b-32,1
ganav,1
phi3-128k-mini,1
flan-t5-(xxl),1
opt-(2.7b),1
llava1.5,1
alphacode-(41.1b),1
palm-coder-(540b),1
rt-1,1
vc-1,1
vicuna-(llama-based),1
led-(longformer-encoder-decoder),1
grok-1,1
minerva-8b,1
minerva-62b,1
deepseek-r1-preview,1
llama-3.3-70b,1
gemini-1.0-nano-1,1
swin-unet,1
gpt-like-(causal-language-model),1
nemotron-4-15b,1
vit-h-sam,1
"chatgpt-(gpt-3.5-turbo,-175-billion-parameters)",1
en-de-llm-(1b-to-16b),1
en-zh-llm-(1b-to-16b),1
medllama3-v20,1
gpt-2-large-(770m),1
knowprompt,1
retrievalre,1
openllama-7b-v2-(7-billion-parameters),1
distil-roberta,1
xlm-roberta-large,1
gpt2-l-(774m),1
gpt2-m-(334m),1
sfr-embedding-mistral-(7.1b),1
gritlm-(7.1b),1
gte-qwen1.5-(7.7b),1
instructor-xl-(1.5b),1
e5-mistral-(7.1b),1
voyage,1
openai,1
google-(1.2b),1
prometheus,1
gpt2-csrc,1
securebert,1
falconllm,1
megatronbert,1
megatrongpt-2,1
yi-coder-9b,1
qwen2.5-coder-7b,1
palm-(8b-and-540b),1
mt5-xxl-(11b),1
longt5-(3b),1
bart-small,1
distil-bert-base,1
stable-diffusion-v2,1
llama3-405b,1
palmyramed-70b,1
gpt-3-(22b),1
gpt-3-(52b),1
gpt-3-(13b),1
gpt-3-(6.4b),1
gpt-3-(3.5b),1
gpt-3-(1.6b),1
gpt-3-(810m),1
gpt-4-(various-versions),1
gpt-3.5-turbo-(various-versions),1
claude-3-(various-versions),1
mistral-(various-versions),1
gemini-1.5-(various-versions),1
meta-llama-3-(70b),1
deepseek-(various-versions),1
qwen-(various-versions),1
mixtral-(various-versions),1
phi-3-(various-versions),1
zephyr-(various-versions),1
starling-lm-7b-beta,1
teknium/openhermes-2.5-mistral-7b,1
paligemma-(3b),1
t5-3b-(3b),1
t5-11b-(11b),1
"t5-(0.8b,-3b,-11b)",1
"t0-(3b,-11b)",1
"opt-(2.7b,-6.7b,-13b)",1
"gpt-3-(6.7b,-175b)",1
roberta-large-ensemble,1
openchinesellama,1
ofa-(929m),1
blip-(385m),1
blip-capfilt-l-(385m),1
albef-(628m),1
gitlarge-(347m),1
instructblip-flan-xl-(3.8b),1
promptcap-base-(696m),1
promptcap-(3b),1
blip-2-(3.8b),1
gpt-4-turbo-(size-not-specified),1
rad-dino-(vision-transformer),1
claude-3.5-sonnet-(language-model),1
gpt-neo-(125m),1
pythia-(160m),1
bloom-(560m),1
internlm2-7b-plus,1
medbert,1
pix2pix,1
gpt-2-(42m-parameters),1
text-davinci-003-(with-probably-more-than-175-billion-parameters),1
monica-(gpt-4),1
llama-70b-chat,1
mixtral-8x7b-chat,1
mistral-7b-chat,1
code-llama-70b,1
microsoft's-large-language-model,1
depictqa,1
palm-e-(562b),1
alphacode-(41b),1
segment-anything-model-(sam)-with-94m-parameters,1
jais-13b-chat,1
distilled-gpt-2,1
chinese-alpaca-2-13b-16k,1
cohere-commend,1
stable-diffusion-(version-1.4-and-2.1),1
deberta-large-(0.4b),1
codegen-mono-350m,1
eleutherai-gpt-j-6b,1
blip-2-flan-t5-xxl,1
palm-2-text-bison-001,1
deepseek-coder-7b-instruct-v1.5,1
clip-l-(vit-large-encoder),1
clip-laion-(vit-h/14),1
blip-c-(vit-base/large),1
blip-f-(vit-base/large),1
bloomz-1.7b,1
bloomz-3b,1
ministral-8b-2410,1
nemotron-51b-instruct,1
tabpfn,1
neural-chat-7b-v3-2-(7b),1
starling-lm-7b-alpha-(7b),1
zephyr-7b-alpha-(7b),1
zephyr-7b-beta-(7b),1
palm-2-unicorn,1
gcn,1
gat,1
graphsage,1
hgt,1
gin,1
graph-transformer,1
bard-(based-on-palm-2),1
yandexgpt,1
sphinx-v2,1
gpt-2-xl-(1.6b),1
falcon-7b-(7b),1
llama-30b-(30b),1
calme-7b-instruct,1
mixtao-7bx2-moe,1
florence-2,1
clipseg,1
clip-surgery,1
yi-34b-base,1
code-llama-python-13b,1
palm-e-12b,1
palm2-s,1
chatgpt-(based-on-gpt-3.5-turbo-0301),1
bert-(base-version),1
resnet-9,1
deeplabv3-with-resnet50,1
autobots-(1.5m-parameters),1
wayformer-(15m-parameters),1
blip-2-(3b-and-11b-based-on-flan-t5),1
"flan-t5-(80m,-250m,-780m,-3b,-7b,-11b)",1
galactica-(size-not-specified),1
internlm-xcomposer2-vl,1
"gpt2-like-(14m,-21m,-42m,-85m-parameters)",1
tk-instruct-large-(783m),1
instructgpt-3-(175b),1
"flant5-(250m,-760m,-3b,-11b)",1
yi-vision,1
"t5-(250m,-780m,-3b)",1
"opt-(350m,-1.3b-iml)",1
google-cloud's-gemini-pro,1
google-cloud's-gemini-ultra,1
google-cloud's-text-bison-32k,1
anthropic's-claude-v2,1
openai's-gpt-4,1
meta's-llama-2-(chat-70b),1
gpt-3-(various-sizes-including-instruct-tuned-variants),1
gpt-3-(2.7b-and-170b),1
ehrbert,1
ucsf-bert,1
llama-3-8b-instruction,1
gpt-style-transformer-(10m-parameters),1
llama-(with-weight-initialization-from-llav-a-1.5),1
transformer-(128-embedding-size),1
qwen-1.5-14b,1
internlm-2.5-7b,1
sensechat-70b,1
clip-(151m),1
flava-(241m),1
declip-(186m),1
pyramidclip-(153m),1
clippy-(196m),1
"bloomz-(560m,-1.7b,-3b,-7.1b)",1
llama-2-(7b–70b),1
gemma-(8b),1
"codellama-(7b,-13b)",1
gpt-3-text-curie-001,1
mindllm-1.3b-(1.3-billion-parameters),1
mindllm-3b-(3-billion-parameters),1
moss-base-16b,1
open-llama-3b,1
open-llama-7b,1
latent-consistency-model,1
gpt-3-code-davinci-001,1
rebel-large-(406m),1
wav2vec-2.0,1
llava-(llama-13b),1
mmgpt-(llama-7b),1
llama-adapter-(llama-7b),1
mplug-owl-(llama-7b),1
bint5,1
mdm-(human-motion-diffusion-model),1
momask,1
instruct-gpt-(code-davinci-002),1
llama-3:8b,1
gemma-2:9b,1
gemma-2-(9b),1
meditron-(7b),1
llama-3-openbiollm-(8b),1
cliport,1
ppo,1
mixtral-8*7b-instruct,1
internlm2-20b-chat,1
internlm2-20b-math,1
codex-(davinci-code-002),1
all-roberta-large-v1,1
bloomz-560m,1
starcoder-2-3b,1
longformer-encoder-decoder-(led),1
llama-(6b-to-16b),1
pythia-(7b-to-12b),1
tongyi,1
spark-3,1
spark-3.5,1
mixtral-8×7b-moe,1
t0pp-11b,1
claude-1,1
alpaca-(based-on-llama),1
transformer-based-behavioral-cloning-(bc),1
codet5-(220m-params),1
gpt-architecture-(2-layer-transformer),1
flamingo-(3b-and-9b-parameters),1
pnp-vqa-(unifiedqa),1
lit-b/16-(bert-base-with-110m-parameters),1
lit-l/16-(bert-large-with-340m-parameters),1
deepseek-moe-16b-chat,1
deepseekcoder-7b-instruct-v1.5,1
mixtral-(mistralai/mixtral-8x7b-instruct-v0.1),1
chessgpt,1
pokergpt,1
llamac,1
gpt-2-lora,1
scholarbert,1
ernie-titan-3.0-260b,1
"gpt-2-(6m,-85m,-303m)",1
mistral-v0.3-7b,1
distilgpt-2,1
layoutlmv3-large,1
bloom-(size-not-specified),1
clinical-t5-large,1
unifiedqa-11b,1
flant5-xxl,1
llava-onevision,1
mplug-owl3,1
qwen2-plus,1
scgpt,1
agront,1
phi-3-mini4k-instruct,1
openfunctions-v2,1
hermes-2-pro-mistral-7b,1
"llama-1-(7b,-13b)",1
polyformer,1
lavt,1
etris,1
seem,1
aot,1
deaot,1
xmem,1
deva,1
cutie,1
mttr,1
sgmg,1
referformer,1
onlinerefer,1
r2-vos,1
avs,1
catr,1
avsegformer,1
qsd,1
deepseek-coder-v2-lite-base-16b,1
internal-llm,1
llama-3-(7b),1
nousresearch-(34b),1
llama-3-turbo-(8b),1
llama-3-turbo-(70b),1
llama-3.1-turbo-(70b),1
qwen-1.5,1
"gpt-4-(openai-et-al.,-2024)",1
"llama3-(dubey-et-al.,-2024)",1
solar-(instruction-fine-tuned-llama2-70b),1
idefics-instruct-(based-on-llama-9b),1
mplug-owl-(based-on-llama-7b),1
xcomposer-vl-(based-on-internlm-7b),1
q-instruct-(based-on-llava-v1.5-7b),1
yi-large,1
yi-vision-language-model,1
moondream2-(4b),1
"gpt-2-(10-layers,-8-attention-heads,-512-dimensional-embeddings)",1
chatgpt-(gpt-4-1106-vision-preview),1
copilot-(model-name-not-specified),1
gemini-(gemini-pro-vision),1
"llava-next-(llava-v1.6-mistral-7b-hf,-7b)",1
gpt2-small,1
orca-2-13b,1
minicpm-v-v2,1
deepseek-vl-7b-chat,1
llava-next-7b-vicuna,1
glm4v-9b-chat,1
internvl-chat-v1-5,1
delphi,1
personalitymap-(custom-model),1
med-palm2,1
gpt3-babbage,1
clinicalt5,1
qianwen1.5-7b,1
wizard-vicuna-uncensored-7b,1
restormer,1
nafnet,1
llava-next-(1.6)-13b,1
gpt-(parameter-size-not-specified),1
palm-(parameter-size-not-specified),1
wizardcoder-(parameter-size-not-specified),1
vicuna-13b-v1.5-(based-on-llama-2),1
gpt-3-textdavinci,1
gpt-3-textbabbage,1
jurassic-1-jumbo,1
"llava-(7b,-13b,-34b,-72b)",1
"molmo-(7b,-72b)",1
"internvl2-(8b,-26b,-40b,-76b)",1
"llama-3.2-(11b,-90b)",1
deepseek-vl-(7b),1
"qwen2-vl-(7b,-72b)",1
nvlm-(72b),1
"prometheus-vision-(7b,-13b)",1
"llava-critic-(7b,-72b)",1
deepseek-1.3b,1
qwen-(72b),1
chatgpt-(variant-of-gpt),1
gpt-4-(large-multimodal-model),1
gpt3.5-turbo-1106,1
fid-(based-on-t5-large),1
deepseek-coder-base-v1.5-7b,1
t5-large-(738m),1
clin-t5-sci,1
clin-t5,1
mistral7b-instruct-v0.1,1
claude3.5,1
mistralai,1
code-davinci-edit-001,1
tinydolphin-2.8-1.1b,1
instruct-gpt-(175b),1
hunyuan-t2i,1
videollama2-7b,1
qwen-audio-chat,1
flant5xl,1
vanilla-transformer,1
qwen-vl-(qwen-7b-with-vit-bigg),1
gpt-(generative-pre-trained-transformer),1
bert-(bidirectional-encoder-representations-from-transformers),1
protbert,1
tcr-bert,1
anthropic-claude-(claude-v1.3),1
openai-chatgpt-(gpt-3.5-turbo-0301),1
anthropic-claude-instant-(claude-instantv1.0),1
openai-gpt-3.5-(text-davinci-003),1
google-deepmind's-gemini,1
meta's-llama,1
bio+clinical-bert,1
palm-2-(350m-and-1b),1
koala-7b,1
starcoder-base,1
llama2-(llama-2-7b-chat),1
transformer-with-linear-attention,1
multilingual-bert-base,1
vision-transformer-(vit-h),1
gpt-3-(size-not-specified),1
instructgpt-(size-not-specified),1
biobart,1
eva-clip-vit-g/14,1
beats-iter3+,1
ulip-2-[pointbert-backbone],1
rft-7b,1
rft-13b,1
wizardmath-7b,1
aft-7b,1
aft-13b,1
omnitab-(bart-large),1
biomegatron,1
codex-med,1
gpt-4-med,1
medalpaca,1
visual-med-alpaca,1
gatortrongpt,1
clinicalgpt,1
medagi,1
ophglm,1
soulchat,1
med-flamingo,1
chimed-gpt,1
ivygpt,1
caregpt,1
chatmed,1
qizhengpt,1
med-chatglm,1
huatuogpt-ii,1
wingpt,1
taiyi-llm,1
med-gemini,1
health-llm,1
llama-2-(7b-to-70b),1
codellama-(7b-to-34b),1
dolly-v2-7b,1
mplug-owl-(7b),1
bert-based-encoder-only-attention-model,1
molt5,1
gin-(from-momu),1
"palm-2-(xxs,-xs,-s,-l)",1
temporal-latent-bottleneck,1
internvl2-series,1
llav-a-v1.6-series,1
llama-3.2,1
ollama-llama-3.1,1
chatgpt-3.5-turbo-0301,1
e5-large-v2,1
rocketqa-v2,1
colbert-v2,1
simlm,1
splade-v2,1
specter,1
tsaspire,1
otaspire,1
ance-firstp,1
tf-idf,1
t0++-(11-billion-parameters),1
clip-vit/l-14,1
paligemma,1
mixtral-8-×7b,1
t5-(200m),1
opt-1.5b,1
zephyr-3b,1
codegen2-16b,1
"palm-(chowdhery-et-al.,-2022)",1
"chinchilla-(hoffmann-et-al.,-2022)",1
"opt-(zhang-et-al.,-2022a)",1
"bloom-(scao-et-al.,-2022)",1
idefics-2,1
claude-22,1
distilgpt,1
"flan-t5-(small,-base-250m,-large-780m,-xl-3b,-xxl-11b)",1
"t0-(small,-t0pp-11b)",1
"alpaca-(small-llama-7b,-big-13b)",1
vicuna-(llama-13b),1
airoboros-(llama-13b),1
ultralm-(llama-13b),1
nous-hermes-(llama-13b),1
falcon-instruct-(falcon-7b),1
mpt-(mpt-7b),1
minotaur-(starcoder-plus-15b),1
"gpt-3-(smallest-model,-2019)",1
"gpt-3-(largest-model,-2019)",1
"gpt-3-(largest-model,-current)",1
qwen-(1.8b/7b/14b/72b),1
flan-t5-(3b/11b),1
claude3-(sonnet),1
claude3-(opus),1
instructblip-(vicuna-13b),1
blip-2-(flant5-xxl-11b),1
llava-(vicuna-13b),1
qwen2.5-math-7b-instruct,1
qwen2.5-1.5b-math-instruct,1
xuanyuan3-70b-chat,1
t5-(base),1
vicuna-(7-billion-parameters),1
gpt-2-(110-million-parameters),1
qwen2-1.5b-instruct,1
deepseekmath-7b-rl,1
3b-llm,1
7b-llm,1
13b-llm,1
minigpt-4-(7b/13b),1
vit-(300m-parameters),1
mosaic-pretrained-transformers-(mpt-1b),1
unixcoder-(126m),1
codet5-(220m),1
codet5-(770m),1
t2m-gpt,1
gpt-4-turbo-20240409,1
claude-3.5-sonnet-20240620,1
metamath-llama2-70b,1
opt-3-(66b),1
opt-3-(175b),1
chinchilla-(71b),1
chinchilla-(72b),1
flant5-(xxl),1
"flan-t5-(250m,-780m,-3b)",1
pandagpt,1
visualglm-6b,1
vpgtrans,1
lavin,1
octopus,1
muffin,1
lrv-instruction,1
cheetor,1
git2,1
bliva,1
lynx,1
skywork-mm,1
xcomposer-vl,1
lion,1
wemm,1
bert-base-uncased-(110m),1
bert-large-uncased-(340m),1
distilbert-(66m),1
roberta-large-(354m),1
albert-xxl-v2-(223m),1
deberta-xxl-v2-(1.5b),1
qwen-7b-chat-int4,1
simcse-(based-on-roberta),1
gptneo-2.7b,1
llama-7b-chat,1
transformer-like-architecture,1
gpt-like-autoregressive-model,1
paligemma-3b,1
llama-3.1-instruct-405b,1
gpt-4-turbo-(2024-04-09),1
gpt-4-turbo-(1106),1
llama-3.1-instruct-70b,1
gpt-4-(0314),1
llama-3-instruct-70b,1
gpt-3.5-turbo-(0125),1
gpt-3.5-turbo-(1106),1
whisper-small-(244m-parameters),1
pythia-1.0b,1
one-layer-transformer,1
pali-(5b-and-55b),1
gpt-3-cot-(175b),1
codex-cot-(175b),1
complex-cot-(175b),1
pal-(175b),1
musiclm,1
dino-(vit-b/14),1
xlm-r-base-(86m),1
xlm-r-large-(304m),1
xlm-r-xl-(2.8b),1
xlm-r-xxl-(9.7b),1
gpt-4-turbo-(unknown-size),1
glm-4-plus-(>100b),1
glm-4-flash-(unknown-size),1
qwen-max-(>100b),1
sam-(segment-anything-model),1
"instructgpt-(text-ada-001,-text-babbage-001,-text-curie-001,-text-davinci-001,-text-davinci-002,-text-davinci-003)",1
speechgpt-7b-cm-(7b-parameters),1
lvm,1
time-llm,1
units,1
st-llm,1
codi,1
codi-2,1
brivl,1
next-gpt,1
"opt-(125m,-350m,-1.3b,-2.7b,-6.7b,-13b,-30b)",1
sharegpt4v-13b,1
"minerva-(8b,-62b,-540b)",1
pangu-(size-not-specified),1
chatglm2-6b-32k,1
vild,1
openai-embedding-model,1
platypus2-70b-instruct,1
llama-30b-instruct-2048,1
stablebeluga-13b,1
mistral-7b-openorca,1
ernie-4,1
stable-diffusion-v1.5-base,1
stable-diffusion-v2.1-base,1
pixart-alpha,1
aya-23-8b,1
gemini1pro,1
bigbird,1
legalbert,1
caselawbert,1
legalroberta,1
gpt-variants,1
medalpaca-(fine-tuned-on-medical-documents),1
"llama-3.0-(8b,-70b)",1
"llama-3.1-(8b,-70b,-405b)",1
gpt-2-small-(125m),1
gte-large-en,1
llama3.1-405b-fp8,1
sora,1
gpt-6,1
scanqa,1
clipbert,1
mcan,1
unified-qa-(large-variant),1
bert2tree,1
chatglm-(6.2b),1
fastchat-t5-(3b),1
open-llama-(7b),1
chinese-alpaca-(13b),1
gpt4all-(13b),1
dolly-(12b),1
oasst-pythia-(12b),1
bert-(110-million-parameters),1
gpt-4-(1700b),1
gemini-models,1
bert-(large-cased),1
roberta-(large),1
facebook-opt-1.3b,1
kosmos-1-(1.6b),1
mingpt-(3.6-million-parameters),1
gpt-4-(≥1t),1
llama2-13b-(13b),1
zephyr-7b-β-(7b),1
dpr,1
contriever,1
e5-base-v2,1
mpnet-base-v2,1
gte-large,1
monot5-small,1
monot5-base,1
monot5-3b,1
minilm-2-v2,1
minilm-4-v2,1
minilm-12-v2,1
monot5-large,1
llamav2,1
"gpt-3-(davinci,-text-davinci-002)",1
"gpt-2-(large,-medium)",1
sparse-transformer,1
linear-transformer,1
audiolm,1
gpt-3.5-175b,1
gpt4all,1
falcon-7b-base,1
meerkat-7b,1
qwen2-57b,1
bloomz-7b1-mt,1
chatglm-6b-v1.0,1
chatglm-6b-v1.1,1
instructp2p-(fine-tuned),1
openba-15b,1
gpt-2-(125m),1
openassistant-llama-(30b),1
donut-(260m),1
sphinx-(13b),1
"gpt2-(127m,-355m)",1
icon-lm,1
gpt-4+,1
react,1
mistral-7b-instruct-v0,1
gpt2-small-(124m-parameters),1
gpt2-medium-(355m-parameters),1
gpt-1-(110m),1
gpt-4-(estimated-1.7t),1
bert-(base-110m),1
finbert-(based-on-bert),1
flang-(based-on-electra),1
bloomberggpt-(based-on-bloom),1
investlm-(based-on-llama),1
fingpt-(based-on-open-source-llms),1
gpt3.5-(text-davinci-003),1
spaceroberta,1
llama-style-transformer,1
llama3.1-chat,1
mistral-instruct-v0.3,1
mbart50,1
protogpt2,1
mt-nlg-530b,1
teacherlm-7.1b,1
opt-series,1
bloom-series,1
mistral-7b-v0.3-instruct,1
breeze-7b-instruct,1
taiwan-llm-13b-chat,1
taiwan-llm-7b-chat,1
olmo-7b-instruct,1
qwen-0.5b-chat,1
llama-70b-instruct,1
glm-10b,1
wizardlm-70b-v1.0,1
openchat-v3.2-super,1
megabeam-mistral-7b-512k,1
albert-(various-sizes),1
bert-(various-sizes),1
electra-(various-sizes),1
roberta-(various-sizes),1
gpt-neo-(various-sizes),1
"gpt-2-(8-layers,-768-hidden-dimensions,-12-attention-heads)",1
"llama-(6.7b,-33b,-65b)",1
"bloom-(7.1b,-176b)",1
moss-base-(16.1b),1
timechat-(llama2-7b),1
vtimellm-(vicuna-7b),1
vtg-llm-(llama2-7b),1
video-llava-(vicuna-7b),1
video-chatgpt-(vicuna-7b),1
video-llama2-(mistral-7b),1
gpt-3-davinci-text-003,1
codegen-multi-350m,1
interlm-20b,1
vicuna-7b-v1.5-16k,1
mistral-7b-(7-billion-parameters),1
chatgpt-(gpt-3.5-turbo-0603),1
llava-(llama-2-7b),1
chatgpt-(gpt-3.5-turbo-instruct),1
starchat-16b,1
falcon-instruct-7b,1
mpt-instruct-7b,1
gpt-(family-models),1
wren,1
predinet,1
claude-ai,1
google-bard-with-gemini,1
qwen-72b-instruct,1
phi-14b,1
internlm2-math-7b,1
codegemma-7b-it,1
codeqwen1.5,1
phi-mini-7b,1
gpt-j-(6-billion),1
codex-(code-davinci-001-variant),1
polycoder-(2.6b),1
codegen-(16b),1
falcon-instruct-40b,1
otter-(9b),1
qwen-vl-(10b),1
gpt4v-(>100b),1
idefics2-(8b),1
gemini-pro-(>100b),1
52b-rl-cai,1
52b-rlhf,1
52b-sl-cai,1
vicuna-13b-(13-billion-parameters),1
bert-based-qa-models,1
codegen-(350m-to-16.1b-parameters),1
pangu-coder-(317m-and-2.6b-parameters),1
codex-(12m-to-12b-parameters),1
gemini-1.5-flash-001,1
nllb-1.3b-distilled,1
roberta-(768-hidden-size),1
davinci1,1
whisper-large-v3-(1.5b-parameters),1
wizardcoder-(1b-to-34b),1
"dolly-(12b,-7b,-3b-based-on-pythia)",1
"llama-(65b,-30b,-13b,-7b)",1
"vicuna-(13b,-7b-based-on-llama)",1
guanaco-(33b-based-on-llama),1
bard-(lamda-and-palm-2),1
megatron–turing-nlg,1
pegasus-large,1
llama-3-400b,1
dall·e-3,1
codex-(davinci),1
codex-(cushman),1
lisa-7b-v1,1
llav-a-7b-v1-1,1
yi-6b-base-(6b),1
glm-130b-(130b),1
bert-110m,1
t5-223m,1
mixtral-8x7b-moe,1
p5-small,1
aya-expanse-32b,1
aya-expanse-8b,1
llava-1.6-vicuna-7b,1
llava-1.6-vicuna-13b,1
fuyu-8b,1
bunny-v1.0-3b,1
bunny-v1.0-4b,1
bunny-v1.1-4b,1
bunny-llama-3-8b-v,1
instructblip-flan-t5-xl,1
llama-adapter-v2-multimodal,1
llama3.1-72b-instruct,1
stable-diffusion-v1.4,1
internlm2-1.8b,1
alpaca-7b-(based-on-llama-7b),1
llama-v1-7b,1
gpt4-omni,1
mixtral-7b-instruct-v0.1,1
neural-chat-7b-v3-1,1
instructgpt-003,1
llava-1.5/13b,1
llava-1.5/7b,1
shape-e,1
sd1.5,1
t5-xl,1
vicuna-v1.5,1
palm-2-s-(bison),1
palm-2-l-(unicorn),1
idefics-9b,1
mplug-owl-llama-7b,1
minigpt-4-llama-2-7b,1
llama-adapter-v2-7b,1
llava-llama-2-13b,1
gpt-based-large-language-models-(llms),1
deepseek-coder-6.7b-instruct-(6.7-billion-parameters),1
llama-3-8b-instruct-(8-billion-parameters),1
chatglm2-6b-(6-billion-parameters),1
open-mixtral-8x22b,1
llama-2-7b-32k,1
yarn-llama-2-7b-64k,1
wizardlm-tuned-code-llama-7b,1
claude-1-instant,1
nanogpt,1
xgen-8k-7b-instruct,1
longchat-7b-16k,1
deepseek-coder-7b-v1.5,1
wenxin-4-(ernie-bot-4.0),1
qwen-(qwen-max),1
gpt-4-(rumored-1.76-trillion-parameters),1
phi-2-(2.7-billion-parameters),1
bilstm,1
mistral-7b-orca,1
blip-2-opt-2.7b,1
palm-2-codechat-bison,1
llm2vec-llama-3-8b-supervised,1
e5-mistral-instruct,1
palm-2l-if,1
gpt-4-(1.5t),1
vicuna-13b-v1.3-(13b),1
vicuna-7b-v1.3-(7b),1
llama-2-7b-chat-(7b),1
internlm-chat-7b-(7b),1
llava-ov-7b,1
instructblip-2,1
gpt-(codex-variant),1
gpt-35-turbo-(chatgpt),1
glm-130b-(130b-parameters),1
roberta-base-(211m),1
deberta-base-(214m),1
deberta-large-(435m),1
vera-(11b),1
meta-llama-2-7b,1
meta-llama-2-13b,1
meta-llama-2-70b,1
flan-t5-base-(310m-parameters),1
vit-b16,1
roberta-(size-not-specified),1
gpt-2-(124m-parameters),1
falcon2-11b,1
gemma2-8b,1
instructgpt-3.5,1
instructgpt-3,1
ecellm-l,1
ecellm-m,1
ecellm-s,1
gpt-4-(speculated-to-have-1-trillion-parameters),1
solar-70b,1
instructgpt-175b-(text-davinci-002),1
generative-adversarial-network-(gan),1
cogvlm2-llama3-chat-19b,1
internvl-chat-v1.5,1
llava-next-yi-34b,1
internvl2-76b,1
openclip-(vit-b-32),1
llama-6.7b,1
alpaca-6.7b,1
bart-base-(139m),1
codellama2-70b-instruct,1
llama-(7.0b),1
alpaca-(7.0b),1
galactica-(1.3b),1
biomedgpt-(10b),1
resnet-18,1
vgg-16,1
mixtral8x7b,1
vision-transformer-(vit-s/14-distilled),1
vision-transformer-(vit-b/14-distilled),1
vision-transformer-(vit-l/14-distilled),1
vision-transformer-(vit-g/14),1
gpt-3-(350m-to-175b),1
vicuna-30b,1
neuro-symbolic-(nesy),1
clip-(vit-l-336px),1
stable-diffusion-'v1.5',1
"bert-(base,-unspecified-size)",1
stablediffusion-1.5,1
flanpalm,1
llava-(clip-and-llama-2),1
linear-attention,1
h3-(state-space-model),1
blip-2-t5-xl,1
instructblip-t5-xl,1
minigpt-4-13b,1
cubert,1
unixcoder,1
groundedsam,1
dpvo,1
tapir,1
optical-expansion,1
gpt-4o-(gpt-4o-2024-05-13),1
gpt2-(0.14b),1
t5-small-(0.06b),1
t5-base-(0.22b),1
t5-large-(0.73b),1
mt5-small-(0.3b),1
mt5-base-(0.58b),1
mt5-large-(1.2b),1
alpaca/flan-t5,1
mengzi-fin,1
dkplm,1
sbert-nli,1
roberta-extractive-qa,1
bert-(large),1
clip-(vit-b32),1
text-to-image-diffusion-models,1
mini-monkey,1
gpt-4o-2024-11-20,1
claude-3.5-haiku,1
gemini-2.0-flash-exp,1
mistral-large-2411,1
llama-variants,1
qwen-models,1
nova-pro-v1,1
step-2-16k,1
grok-2-1212,1
llama-5b,1
llama-4b,1
codet5+-(220m),1
llama-3-8b-instruct-(8.03b),1
mistral-v0.2-instuct-(7.24b),1
gemma-1.1-instruct-(8.54b),1
phi-3-7b-instruct-(3.82b),1
gpt-4t,1
merlin,1
starcoderbase-1b,1
starcoderbase-15.5b,1
chatgpt-(parameter-size-not-specified),1
roformer-small-(15m),1
t5-small-(95m),1
internvl-8b,1
chinchilla-(1b),1
chinchilla-(7b),1
llama-3.2-3b-instruct-(3-billion-parameters),1
molecular-transformer,1
augmented-transformer,1
chemformer,1
graph2smiles-(dgcn),1
graph2smiles-(dgat),1
distilbart-(306m),1
biolinkbert-base,1
t5-(pre-trained),1
comment-finder-(ir-based),1
codereviewer-(t5-pre-trained),1
afm-on-device-(~3-billion-parameters),1
afm-server-(larger-server-based-model),1
internlm-2.5,1
xfinder-(500m),1
qwen1.5-0.5b,1
chatgpt-turbo,1
gpt-neoxt-(20b),1
alpaca-(based-on-llama-13b),1
gpt-3.0,1
gpt-3.5-(code-davinci-002),1
gpt-4-(version-1106),1
owlvit,1
redpajama-(7b),1
bloom-(7b),1
galactica-(7b),1
mpt-(7b),1
opt-(7b),1
pythia-(7b),1
stablelm-alpha-(7b),1
codellama-python-(7b),1
tulu-7b,1
tulu-13b,1
tulu-30b,1
tulu-65b,1
chatgpt-(based-on-gpt-3.5-175b),1
bing-chat/gpt-4,1
eleutherai's-gpt-neo-(2.7b),1
eleutherai's-gpt-j-(6b),1
eleutherai's-gpt-neox-(20b),1
hyperclova-(82b),1
meta's-opt-(up-to-175b),1
bloom-(175b),1
llama-(13.5b),1
palm-(up-to-540b),1
longalpaca-13b,1
"gte-base-(110m-parameters,-based-on-bert)",1
megatronturing-nlg,1
meta-opt,1
gemma-7b-chat,1
gemma-2-9b-chat,1
mistral-nemo-12b-instruct,1
chatgpt-(gpt-3.5-architecture-with-175-billion-parameters),1
llama-2-(70-billion-parameters),1
nllb-200-(3-billion-parameters),1
codex-(variant-of-gpt-3),1
codellama-13b-python,1
gpt-3.5-turbo-instruct-0914,1
deepseek-v2.5,1
baichuan13b-chat,1
react-(gpt-3),1
react-(gpt-3.5),1
gpt2-(0.8b-and-1.5b),1
opt-(3b-30b),1
roberta+-(large-version),1
llama-3-(1.6b),1
mistral-(1.6b),1
mamba-(1.8b),1
samba-(3.8b),1
gpt-4-instruct,1
segment-anything-model-(sam)-with-vit-h-(636m-parameters),1
calderaai/30b-lazarus,1
thebloke/wizard-vicuna-13b-uncensored-hf,1
pubmedbert-(base-uncased),1
"t5-(80m,-250m,-780m,-3b,-11b)",1
bert-gen,1
gpt-3-babbage-(6.7b),1
gpt-3.5-turbo-(135b),1
gpt3-(175b),1
llama3.2-1b,1
openelm-270m,1
gpt-4.0-mini,1
clip-with-gpt-2,1
"gpt-2-(12-layers,-8-heads,-dhid=256)",1
pangu-α,1
cpm-2,1
ernie-3.0,1
jurassic-1-(178b),1
hyperclova,1
yuan-1.0,1
ernie-3.0-titan,1
glam-(64b/64e),1
mt-nlg-(530b),1
alexatm,1
u-palm,1
pangu-σ,1
snowflake-arctic-(480b),1
grok-1-(314b),1
grok-1.5,1
nemotron-4-340b,1
xuan-yuan-2.0,1
roberta-large-mnli-(355m),1
biomedbert-(110m),1
biomedbert-large-(340m),1
scibert-(110m),1
sapbert-(110m),1
biolord-stamb2-v1-(110m),1
biolord-pmb-(110m),1
bio+clinical-bert-(110m),1
t5-v1.1-base-(220m),1
t5-v1.1-3b-(3.0b),1
t5-v1.1-11b-(11.0b),1
flan-t5-xl-(3.0b),1
flan-t5-xxl-(11.0b),1
t0-3b-(3.0b),1
t0++-(11.0b),1
clinicalt5-base-(220m),1
clinicalt5-large-(700m),1
gpt-2-medium-(355m),1
palmyra-base-5b-(5.0b),1
openllama-3b-(3.0b),1
openllama-3bv2-(3.0b),1
gpt-j-6b-(6.0b),1
instruct-gpt-j-(6.0b),1
falcon-7b-(7.0b),1
falcon-7b-instruct-(7.0b),1
mpt-7b-(7.0b),1
mpt-7b-instruct-(7.0b),1
llama-7b-(7.0b),1
llama-2-7b-(7.0b),1
alpaca-7b-(7.0b),1
llama-2-chat-7b-(7.0b),1
openllama-7b-(7.0b),1
openllama-7bv2-(7.0b),1
openllama-13b-(13.0b),1
biogpt-(347m),1
gpt-2-pubmed-medium-(355m),1
gpt-2-pubmed-large-(774m),1
biogpt-large-(1.5b),1
galactica-1.3b-(1.3b),1
galactica-6.7b-(6.7b),1
medalpaca-7b-(7.0b),1
gpt-3.5-turbo-instruct-(175b),1
incite,1
megatron-lm,1
sail,1
stablebeluga,1
new-bing,1
ziya-llama,1
chinese-llama,1
phoenix,1
ecomgpt,1
lawgpt,1
chatlaw,1
bentsao,1
llm-amt,1
cohortgpt,1
deid-gpt,1
doctorglm,1
medchatzh,1
k2,1
houyi,1
grammargpt,1
foodgpt,1
chathome,1
inception-v3,1
roboflamingo,1
pptod-(based-on-t5),1
unifiedqa-t5-large,1
unifiedqa-t5-base,1
gpt-4-128k,1
llama2-7b-chat-4k,1
llama3-8b-instruct-8k,1
vicuna-v1.5-7b-16k,1
longchat-v1.5-7b-32k,1
mistral-7b-instruct-v0.2-32k,1
llama3-8b-80k,1
phi-3-mini-128k,1
yi-9b-200k,1
deepseek-v2-(236b-moe-model),1
claude-3-haiku-(200k),1
transformer-(43.6m-parameters),1
vision-transformer-(vit-b),1
t5-(80m-to-11b),1
u-palm-540b,1
bart-(440m),1
electra-large,1
arabart,1
arat5,1
mt0,1
bactrian-x-bloom-7b,1
bactrian-x-llama-7b,1
large-language-model-(llm)-with-chain-of-thought-(cot),1
gemini-ultra-vision,1
flux1.0-dev,1
open-mistral-7b,1
sabiá-65b,1
sabiá-7b,1
bertin-6b,1
"llama-3-(8b,-70b,-405b)",1
jamba-1.5-mini-(12b-active/52b-total-parameters),1
mamba-(ssm-only),1
google-bard-(palm-2),1
chatgpt-(based-on-gpt),1
anygpt-(based-on-llama-2-7b),1
timesfm-(200m-parameters),1
vicuna-7b-v0.3,1
chatgpt-powered-by-gpt-3.5,1
chatgpt-powered-by-gpt-4,1
llama2-13b-chat-model,1
microsoft-wizardlm-2-8x22b,1
miniroad,1
clip-vit-h-14,1
llama-1.3b,1
llama-0.25b,1
longformer-base,1
llama-3–70b,1
antglm-10b,1
beit3,1
cfr,1
u-net-(song-et-al.-architecture),1
u-net-(dhariwal-and-nichol-architecture),1
gpt-35-turbo-1106,1
wizardlm-2-8x22b,1
starchat-alpha,1
codet5p-16b,1
replit-code-v1,1
daagent-(based-on-codellama),1
mistral-large-instruct-2407,1
yi-1.5-34b-chat,1
gpt-4-(parameter-size-not-disclosed),1
codex-(up-to-176b-parameters),1
bloom-(176b-parameters),1
starcoder2-(7b),1
gpt-3.5-(>100b),1
gpt-4-(>100b),1
codet5-(60m),1
codebert-(125m),1
unixcoder-(125m),1
qwen-2.5-coder,1
gpt-3.5-davinci,1
bert-like-model-(roberta),1
phi2,1
llama2-7b-(4-bit-quantized),1
mixtral-moe-8x7b-instruct,1
gemma-2b-instruct,1
open-flamingo-v1,1
open-flamingo-v2,1
facenet-(adapted-for-spreadsheets),1
"gpt-4-(openai-api-as-of-march-14,-2023)",1
claude-v1.3-(anthropic),1
"mammoth-(7b,-13b,-70b)",1
"metamath-(7b,-13b,-70b)",1
yi-1.5-9b,1
llama3-chinese-8b,1
mpt-1b,1
llamav1-7b,1
llamav1-65b,1
deepseek-llm-7b,1
roberta-(123m),1
t5-(60m),1
bart-(406m),1
llama-(70b),1
gpt-style-large-language-models-(7b-parameters-or-larger),1
codex-002,1
"openai's-gpt-models-(e.g.,-gpt-3.5-turbo-0125,-gpt-4)",1
wizardcoder-34b-v1.0,1
llama-13b-lora,1
monocoder,1
qwen-2.5-math-72b,1
mixtral-8×7b-v0.1,1
chatgpt-plus-(gpt-4),1
phoenix-(7b),1
gpt2-m-(345m),1
llava-1.6,1
blipv2,1
bert-(110m-parameters),1
codellama-2-13b,1
"gpt-(brown-et-al.,-2020)",1
gigachat,1
llama3.1-family-models-from-8-parameters-to-405-parameters,1
qwen2-vl-2b,1
llava-v1.6-8b,1
roberta-(base),1
k-bert,1
kepler,1
k-adapter,1
t5-lm-adapt-large-(770m),1
proofgpt-1.3b,1
visual-chatgpt,1
chatglm-2-6b,1
chatglm-3-6b,1
midjourney,1
sdxl-turbo,1
bunny-8b,1
minicpm-v2.6-8b,1
gpt-4-(azure-openai's-gpt-4-o),1
lance-(60m),1
codellama-(34b),1
tabnine,1
codewhisperer,1
bert-series,1
"llama-series-(7b,-13b,-33b)",1
"opt-series-(1.3b,-2.7b,-6.7b,-66b)",1
"falcon-series-(7b,-40b)",1
"internlm-series-(7b,-20b)",1
gpt-3.5-turbo-175b,1
davinci-003-175b,1
cohere-xlarge-52.4b,1
anthropic-claude-1-52b,1
t0-(3b-and-11b),1
switch-base-smoe,1
fairseq-moe-15b,1
fairseq-dense-125m,1
gpt-4.0-turbo,1
gptneox-20b,1
mentalbert-(bert-based),1
mentalroberta-(roberta-based),1
qwen-vl-(7-billion-parameters),1
"gpt-3-(text-ada-001,-text-babbage-001,-text-curie-001)",1
"gpt-3.5-(text-davinci-003,-gpt-3.5-turbo)",1
"claude-(claude-1,-claude-instant-1)",1
"flan-t5-(small,-base,-large,-xl,-xxl)",1
glam-62b,1
gpt-4v-(vision-language-model),1
grit-(dense-captioning-model),1
dall-e2,1
vit-g-(2b),1
vit-e-(4b),1
qwen2.5-max,1
chatgpt-4.0-turbo,1
bloomz-176b-8bit,1
jais-13b-(32-bit),1
gpt2.5,1
gpt-3-(code-davinci-002),1
pali-x-(5b-and-55b),1
palm-e-(12b),1
tapas,1
tableformer,1
tapex,1
omnitab,1
cohere-command-xlarge-nightly,1
qwen2.5-math-1.5b,1
qwen2.5-math-7b,1
cutegpt-7b,1
cutegpt-13b,1
chatgpt-(gpt-turbo-3.5),1
t-5,1
chatglm-(6b-to-66b),1
roberta-large-(350m),1
deberta-large-(350m),1
intern2.5-7b-chat,1
gemini-1.5-pro-api,1
microsoft-copilot,1
vicuna-13b-(v1.3),1
3-layer-transformer-encoder,1
codex-code-davinci-002,1
"chatgpt-(openai,-unspecified-size)",1
chatgpt-(~175b-parameters),1
gpt-4-(~1.7t-parameters),1
emu,1
gill,1
seed-llama,1
gpt-2-(small-version),1
kwaiyiibase-13b,1
sd-v1.5,1
sdxl-v1.0,1
vicuna-13b-v1.1,1
clip-gpt2,1
llava-next-(clip-vit-l-336px-to-mistral-llm),1
vision-transformer-(vit-b/16-1k),1
gpt2-large-(762m),1
gpt2-(117m),1
llama-3.2-1b-instruct-(1b),1
qwen2.5-1.5b-instruct-(1.5b),1
llama-3.2-3b-instruct-(3b),1
mistral-7b-instruct-v0.3-(7b),1
qwen2.5-7b-instruct-(7b),1
phi-3-small-8k-instruct-(7b),1
llama-3.1-8b-instruct-(8b),1
gemma-2-9b-it-(9b),1
qwen2.5-14b-instruct-(14b),1
gemma-2-27b-it-(27b),1
qwen2.5-32b-instruct-(32b),1
llama-3.1-70b-instruct-(70b),1
qwen2.5-72b-instruct-(72b),1
llama-3.1-405b-instruct-(405b),1
llama-(used-in-gorilla-model),1
internimage,1
blenderbot,1
text-devinci-002,1
qwen-vl-7b,1
motion-diffusion-model-(humanml-encoder-512),1
gpt-2-127m,1
internlm-math-plus-20b,1
gpt-3-feedme,1
gpt-4-rlhf,1
anthropic-lm,1
anthropic-context-distilled,1
anthropic-rlhf,1
gemma-1.1-it-7b,1
gemma-2-it-9b,1
gpt-2-distilled,1
stanford-alpaca-(based-on-llama-7b),1
skywork-7b,1
phi-3-mini-4k-instruct,1
llama3-chatqa-1.5-8b,1
openchat-3.6-8b-20240522,1
solar-10.7b-instruct-v1.0,1
bart-large-mnli-(407m),1
gligen,1
mistral-(7.11b),1
bert-large-(336m),1
sentence-transformer-mpnet-(110m),1
gpt-3-(300m/2.5b/12b),1
polycoder-(2.7b),1
codegen-(350m/2.7b/6.1b/16.1b),1
incoder-(1.3b/6.7b),1
alphacode-(300m/1b/3b/9b/41b),1
pangu-coder-(317m/2.6b),1
aixcoder-l-(1.3b),1
aixcoder-xl-(13b),1
gemini-1.0-pro-latest,1
claude-sonnet2,1
idefics-80b-instruct,1
gemini-flash-1.5,1
glam-64b,1
flan-lamda-137b,1
retro-7.5b,1
retro++-9b,1
atlas-11b,1
raven-11b,1
ra-dit-65b,1
instructretro-48b,1
instructretro-43b,1
"t5-(base,-large,-3b)",1
"unified-qa-(base,-large,-3b)",1
"vicuna-(1.3-7b,-1.5-7b,-1.3-13b,-1.5-13b)",1
claude-1.0,1
pangu,1
gshard,1
switch-transformers,1
bing's-prometheus-(based-on-gpt-4),1
reta-model-(based-on-gpt-3),1
gpt-4-(parameter-size-not-specified),1
claude-3-(parameter-size-not-specified),1
code-davinci-002-(175-billion-parameters),1
chatgpt-(16k),1
biomedlm-(2.7b),1
biogpt-(347m-and-1.5b),1
pmc-llama-(7b),1
clinical-camel-(13b),1
chatdoctor-(7b),1
medalpaca-(7b-and-13b),1
curie-001,1
deepseek-moe-16b,1
incoder-6.7b,1
"pre-layernorm-transformer-(12-layers,-hidden-dimension-768)",1
chatgpt-4-turbo,1
gpt-2-(architecture-used-for-autoregressive-model),1
vqgan-(used-as-a-base-for-tokenization),1
gpt-3.5+,1
zephyr-7b-β-(based-on-mistral-7b),1
codegen-mono-(350m/2b/6b/16b),1
codegen-multi-(350m/2b/6b/16b),1
chatgpt-(~175b),1
hermes-3-llama-3.1-8b,1
"animatediff-(sd-v1.5,-motion-adapter-v3)",1
videocrafterv2,1
modelscope-t2v,1
claude-3/3.5,1
lamda-(137-billion-weights),1
gpt-3-(175-billion-weights),1
llama-1-(13b),1
52b-language-model,1
ernie-bot-4,1
flan-t5-(76m),1
flan-t5-(250m),1
flan-t5-(783m),1
mistral-(7b)-instruct-v0.2,1
nous-hermes-2-yi-(34b),1
decoder-only-transformer-(1b-to-280b),1
llav-a-7b,1
llav-a-2b,1
flan-alpaca-(based-on-llama-7b),1
llava-next-72b-(qwen-1.5-72b-chat),1
llava-next-34b-(nous-hermes-2-yi-34b),1
llava-1.5-13b-(vicuna-v1.5-13b),1
llava-1.5-7b-(vicuna-v1.5-7b),1
omnilmm-12b-(zephyr-7b-β),1
minicpm-v-2-2.8b,1
claude-3-5-sonnet-20240620,1
gpt-4-(8k-tokens),1
blip-2-(vit-g-flant5xl-3b),1
blip-2-(vit-g-flant5xxl-11b),1
llama-(7b/13b/30b/65b),1
falcon-(7b/40b),1
glm-(10b/130b),1
"moss-(moon-003-base,-16b)",1
baichuan-(7b/13b),1
orca2-13b,1
decilm-7b,1
microsoft-phi-2-(2.7b),1
t5-lm-(11b),1
visualglm,1
"flan-t5-(80m,-250m,-780m,-3b,-11b)",1
"gpt-series-(text-ada-001,-text-babbage-001,-text-curie-001,-text-davinci-003,-chatgpt,-gpt-4)",1
"vicuna-(7b,-13b)",1
"opt-iml-(1.3b,-30b)",1
glm3-turbo,1
huatuogpt2-7b,1
medalpaca-7b,1
codellama-instruct-7b,1
starchat-β-(16b),1
esp-deberta-large-(350m),1
"llama-3.1-(8b,-70b)",1
"gemma-2-(2b,-9b,-27b)",1
gpt-4-(gpt-4-turbo-0613),1
match-lstm,1
llava-llama3-8b,1
emova-8b,1
pythia-(160m-to-12b),1
deepseek-v2-236b,1
qwen-v1.5-72b,1
wizardmath-v1.1-7b,1
decision-transformer,1
llama-1-30b,1
nllb-3.3b,1
cf-240m-(243-million-parameters),1
cf-6m-(6-million-parameters),1
welm-(10b),1
cpm-(2.6b),1
pangu-(13b),1
ernie-3.0-(10b),1
zephyr-7b-β-(7-billion-parameters),1
guanaco-7b,1
guanaco-13b,1
roberta-base-wwm-ext,1
roberta-large-wwm-ext,1
macbert-large,1
gpt-3-davinci-(~175b-parameters),1
gpt-3-curie-(~6.7b-parameters),1
mixtral-instruct,1
anthropic's-llms,1
bert-variants,1
clip-(vit-l),1
google-gemma-7b,1
google-gemma-2b,1
stable-code-3b,1
code-llama-7b-instruct,1
tiny-transformer-(536k-parameters),1
tiny-lstm-(272k-parameters),1
smaller-model-(7b),1
mistral-7b-0.1v,1
gpt-4v-(1.7t-parameters-est.),1
claude-3-opus-(2t-parameters-est.),1
llama-adapter-(7b-parameters),1
fuyu-8b-(8b-parameters),1
otter-(7b-parameters),1
"175b-parameter-pretrained,-decoder-only-transformer",1
13b-parameter-model,1
810m-parameter-model,1
1.6b-parameter-model,1
chatgpt-4-vision,1
sana-0.6b,1
sana-1.6b,1
phind-code-llama-v2,1
code-llama-70b-python,1
code-llama-34b-python,1
code-llama-13b-python,1
code-llama-7b-python,1
codet5+-16b,1
santacoder,1
incoder-1b,1
gpt-neo-2b,1
lamda-pt-(137b),1
xlm,1
codet5-small-(62m),1
codet5-base-(222m),1
bart-(139m),1
microsoft-phi-1.5-(1.3b),1
chatgptv3.5,1
coditt5,1
gpt-4-turbo-0409,1
internlm-2.5-7b-chat,1
glm-4-plus,1
deberta-v3-base-(184m),1
hlsm,1
embert,1
curie-(13b),1
videoclip,1
"transformer-(3-layers,-1-head-per-layer)",1
zephyr-β-7b,1
llama-v2-13b,1
llama-v2-70b,1
deepseekmath-rl-7b,1
gpt-4-(170-trillion),1
gpt-3.5-turbo-(175-billion),1
sophos-2-(20-billion-and-more),1
guanaco-33b-ggml-(33-billion),1
vicuna-33b-v1.3-(33-billion),1
l13b-snoozy-(13-billion),1
koala-13b-diff-v2-(13-billion),1
vigogne-instruct-13b-(13-billion),1
falcon-instruct-7b-(7-billion),1
e5-large,1
text-ada-embedding-002,1
google-palm-cortex-001,1
vision-transformer-(vit-22b),1
vip-llava,1
llava-2b,1
xglm-7.5g,1
opt-13/175b,1
llama-7/70b,1
dialogpt-medium,1
mt5-small,1
unifiedqa-large,1
glm-large-chinese-model-(335m-parameters),1
palm-2-540b,1
flan-cont-palm-62b,1
deepseek-coder-instruct-33b,1
meta-llama-3,1
pix2struct,1
mt5-xxl,1
fromage,1
"code-llama-(7b,-13b,-34b,-70b)",1
belle-llama-7b-2m,1
vicuna-7b-v1.1,1
t5-mini-(31m),1
t5-tiny-(16m),1
gpt-4o-(0513),1
gemini-1.5-pro-(0801),1
llava-next-72b,1
idefics3-8b-llama3,1
phi-3.5-vision,1
llama3-8b-(8b),1
vit-l,1
vqgan,1
t5-3b-(2.7b),1
spatialvlm-(palm-2-e),1
alpaca-plus-7b,1
pythia-14m,1
llama3-(meta-llama-3-8b),1
internlm2-(internlm2-123b),1
chatglm3-(chatglm3-6b),1
qwen1.5-(qwen1.5-moe-a2.7b),1
qwen2-vl-2b-(2b),1
gpt-j-(6-billion-parameters),1
opusmt-(transformer-base),1
mbart-50,1
gato,1
starcoder-2-instruct-15b,1
mistral-0.3-7b,1
esm-2-(650m),1
biomedgpt-lm-(based-on-llama2-7b),1
codellama-70b-instruct,1
stable-code-instruct-3b,1
claude-sonnet-3-5,1
cxr-bert,1
blender-bot3-(3b),1
code-llama-(7b-and-34b),1
llava-1.6-13b,1
internvl-2-8b,1
internvl-2-26b,1
idefics-2-8b,1
llama-3.2-90b,1
gpt-2-small-(124mn),1
gpt-2-medium-(355mn),1
gpt-2-large-(774mn),1
gpt-2-xl-(1.5bn),1
gpt-3.5-da-vinci,1
llama-(vicuna-7b-v1.5-16k),1
blenderbot2-(400m),1
idefics-3,1
internlm2-7b-chat,1
enformer,1
deepseek-coder-1b-(1.35b),1
deepseek-coder-7b-(6.91b),1
mistral-7b-(7.24b),1
mistral-8x7b-(46.7b),1
mistral-8x22b-(141b),1
gpt-j-6b-(6b),1
gpt-neox-20b-(20b),1
opt-66b-(66b),1
bert-large-(345m),1
vision-transformer,1
t5-(220m),1
rednet-(resnet-50-based),1
chatgpt-(gpt-3.5-turbo-16k-0613),1
chatgpt-(based-on-instruct-gpt-models),1
cohere-multilingual-model-(based-on-multilingual-embedding-model),1
gpt-3-ada-(0.4b),1
codellama-7b-base,1
magicoder-cl-7b,1
magicoder-s-cl-7b,1
starcoder2-15b,1
baichuan-2-7b-chat,1
xglm-2.9b,1
llama-3.1-family,1
"palm-(google-et-al.,-2023)",1
codegen-mono-6b,1
dialogpt,1
pointer-network,1
hred,1
gemini-(1.5-pro),1
vision-language-models,1
mlongt5,1
chatgpt-(gpt-3.5-series),1
knn-lm-(~250m),1
realm-(~270m),1
dpr-+-fid-(~220m),1
contriever-+-atlas-(~250m),1
contriever-+-flan-t5-(~250m),1
flan-t5-small-(~80m),1
flan-t5-xl-(~3b),1
flan-t5-xxl-(~11b),1
gpt-3.5-(~175b),1
tigerbot-13b-chat,1
gpt-3-base,1
xlm-roberta-(base),1
anthropic-internal-model-(13m–52b),1
mistralorca-7b,1
bart0-(406m),1
dreamerv3,1
standard-decoder-only-transformers,1
palm2-(text-bison),1
openai-ada-(002),1
timechat,1
moviechat,1
video-llama-2,1
starcoderbase,1
codegen2.5-7b-multi,1
minigpt-4-(vicuna-7b),1
blip-2-12b,1
qwen-vl-9.6b,1
gpt-style-architecture-(depth-unspecified),1
clip-large,1
gpt-2-architecture-(without-position-embeddings),1
openorca-platypus2-13b,1
qwen2-math-1.5b,1
llav-a-next-7b,1
llav-a-next-13b,1
llav-a-onevision-7b,1
intern-vl2-8b,1
intern-vl2-40b,1
chatgpt-(gpt-4-with-1.76-trillion-parameters),1
gemini-pro-(137-billion-parameters),1
"bert-base-(pretrained,-squad2.0-finetuned)",1
"roberta-base-(pretrained,-squad2.0-finetuned)",1
"minilm-(pretraining-distillation,-squad2.0-finetuned)",1
gpt-3.5-turbo-instruct-(0914),1
gpt-4-turbo-(0125),1
chat-bison,1
llama-2-(finetuned),1
panns-(resnet-38),1
openai-clip-vit-l/14@336,1
dinov2-vit-l/14@336,1
nemo-instruct-12b,1
deepseek-coder-v2-lite-instruct,1
gpt-4-(1.8t),1
llama-(size-unspecified),1
gpt-125m-8e,1
gpt-350m-16e,1
swinv2-moe,1
gpt-3.5-16k-turbo,1
cohere/embed-english-v2.0,1
paddle/ernie-3.0-medium-zh,1
fasttext-en,1
sgugger/rwkv-430m-pile,1
distilbert-base-uncased,1
paraphrase-albert-onnx,1
unum-cloud/uform-vl-english,1
spanbert/spanbert-large-cased,1
michiyasunaga/linkbert-base,1
google/electra-large-generator,1
xlnet-large-cased,1
sentence-transformers/gtr-t5-large,1
sentence-transformers/sentence-t5-large,1
albert-base-v2,1
sentence-transformers/all-mpnet-base-v2,1
tiiuae/falcon-7b,1
tiiuae/falcon-7b-4bit,1
decapoda-research/llama-7b-hf,1
decapoda-research/llama-7b-hf-4bit,1
decapoda-research/llama-13b-hf,1
decapoda-research/llama-13b-hf-4bit,1
meta-llama/llama-2-7b-hf,1
meta-llama/llama-2-7b-hf-4bit,1
meta-llama/llama-2-13b-hf,1
meta-llama/llama-2-13b-hf-4bit,1
stable-video-diffusion,1
unified-qa-v2-3b,1
chatgpt-(via-openai-api),1
bloomz-(7.1b),1
llama7b,1
starcoder2,1
vit-b/16,1
u-vit-b/16,1
u-vit-l/16,1
sam-(vision-transformer-vit-h),1
vlmo,1
"transformer-(12-layers,-768-hidden-dimension,-12-attention-heads,-155m-parameters)",1
html-t5++,1
llava-onevision-qwen2-7b-ov,1
gpt4x-alpasta-30b,1
airoboros-7b,1
segment-anything-(sam),1
roberta-125m,1
roberta-355m,1
qwen-7b-it,1
qwen-0.5b,1
byt5-(582m),1
byt5-(300m),1
gemini1,1
biollama3-70b,1
gpt-4-(1.76t),1
gpt-3.5-turbo-16k-(175b),1
palm2-(340b),1
"llama2-(7b,-13b,-34b)",1
linear-transformers,1
memformers,1
gpt-3.5-turbo-(over-100b-parameters),1
gpt-neo-(2.6b-parameters),1
chatglm2-(6b-parameters),1
qwen-(14b-parameters),1
mistral-7b-v0.1-instruct,1
mistral-7b-v0.2-instruct,1
llama-2-(13b-chat-variant),1
flan-u-palm-(540b),1
html-t5,1
flan-t5-(3b-&-11b),1
mt0-(3b),1
stablecode-3b,1
chat-glm-6b,1
o1-mini-2024-09-12,1
o1-preview-2024-09-12,1
chatgpt-4o-latest,1
gemini-1.5-flash-0827,1
deepseek-v2.5-chat,1
deepseek-v2-coder,1
open-mistral-nemo,1
gemini-1.5-flash-8b-0827,1
chatgpt-(gpt-35-turbo-16k),1
roberta-base-(110m),1
lambda,1
jamba,1
roberta-base-fine-tuned-on-squad-2.0,1
roberta-base-fine-tuned-on-boolq,1
qwen2-0.5b-instruct,1
open-llama-(13b),1
chinese-alpaca-33b-pro,1
codex-(code-davinci-001),1
codegen-(codegen-16b-multi),1
codegen-(codegen-16b-mono),1
xgen,1
diverse,1
starling,1
nanogpt-(10.6-million-parameters),1
llava-1.0-7b-lora,1
llava-1.5-7b-lora,1
fuzi-mingcha-v1-(based-on-chatglm-6b),1
mozi-glm-(based-on-chatglm),1
mozi-bloomz-(based-on-bloomz),1
anthropic,1
custom-models-based-on-gpt-3,1
custom-models-based-on-bert,1
opt-7b,1
vall-e-(based-on-a-decoder-only-transformer-architecture),1
colbert-xm,1
mixtral-8x7b-instruct-(47b),1
f-palm-2-s,1
f-palm-2-l,1
f-palm-2-sc,1
f-palm-2-lc,1
glm-4-flash,1
recurrent-neural-network-(rnn),1
gpt-4-(1756b-parameters),1
gpt-3.5-(175b-parameters),1
mistral-instruct-v0.2-(7b-parameters),1
bash-coder-mistral-(7b-parameters),1
tapas-large-(340m),1
tapex-large-(400m),1
tapex-zero-large-(780m),1
tapex-zero-xl-(3b),1
alpaca-7b-(7b),1
vicuna-7b-(7b),1
vicuna-13b-(13b),1
sheared-llama-1.3b,1
gpt-4-(gpt-4-32k),1
claude-2-(claude-2.0),1
longvila-8b,1
vila-1.5-8b,1
longva-7b,1
llava-next-video-7b,1
llava-next-video-72b,1
llava-onevision-0.5b,1
codex-(gpt-based),1
llama-(65b-parameters),1
vit-base-model,1
dpr-(dense-passage-retrieval),1
xgboost,1
flant5-xl-(3b),1
flant5-large-(760m),1
graph-neural-networks-(gnns),1
prometheus-v2.0,1
nanogpt-(12-layers),1
instructblip-(flant5-xxl),1
earthpt-700m-(700-million-parameters),1
layoutlmv2,1
layoutt5,1
vision-masked-autoencoder-(mae)-pre-trained-on-imagenet-1k,1
llama-(7-billion-parameters),1
unified-qa-base-(200m),1
unified-qa-large-(770m),1
unified-qa-3b-(2.7b),1
findroberta,1
unifiedqa-(based-on-t5),1
stable-diffusion-inpainting,1
norgpt-369m,1
norgpt-3b,1
norgpt-23b,1
norllama-3b,1
nb-gpt-j-6b,1
mipha-3b,1
pangu-2.6b,1
pangu-13b,1
codepangu-2.6b,1
llama3.1-8b-base,1
llama3.1-70b-base,1
decode-only-transformer,1
segformer,1
wav2vec2,1
llama-v1,1
llama-v2,1
vpt,1
qwen-7b-(7.7-billion-parameters),1
llama-3.2-vision-(11b),1
latent-diffusion-model-3b,1
gemma-27b,1
gemma-2.0-9b,1
gemma-2.0-27b,1
mistral-1.0-small,1
mistral-1.0-large,1
decoder-only-transformer-(15.8m-parameters),1
phi-3-vision-(4.2b),1
phi-3.5-vision-(4.2b),1
"llav-a-onevision-(8.0b,-73.2b)",1
minicpm-v-2.5-(8.5b),1
minicpm-v-2.6-(8.1b),1
internvl-chat-v1.5-(26.0b),1
"internvl-2-(4.2b,-8.1b,-25.5b,-40.1b)",1
"qwen2-vl-(8.3b,-73.4b)",1
mistral-tiny,1
instructblip-vicuna,1
sphinx-v,1
mini-gemini-hd-34b,1
omnilmm-12b,1
transcore-m,1
internlm-xcomposer-7b,1
mantis-8b-idefics2,1
vila1.5-13b,1
m3exam,1
llava-(llama-2-chat),1
instructblip-(vicuna),1
meta's-chameleon,1
galactica-(30b),1
deepseek-math-7b,1
timesfm-(200m),1
yolov3-(darknet-53-backbone),1
ernie-2.0,1
albertv2,1
gpt-4-(8k-context-size),1
alpaca-lora-30b,1
openassistant-30b,1
opt-iml-30b,1
flan-alpaca-11b,1
mosaic-chat-7b,1
"gpt-3-(ada,-babbage,-curie,-davinci)",1
scibert-hsln,1
cotext,1
prophetnet-x,1
reflexion,1
parsel,1
code-t,1
code-t-iter,1
lever,1
reviewer,1
mbr-exec,1
structcoder,1
deepseek-coder-instruct-7b,1
gpt-2-(407m-params),1
vicuna-30b-(4-bit-quantized-with-gptq),1
llama2-13b-(8-bit),1
llama-3-8b-alpaca,1
"transformer-(125m,-355m,-1.3b,-2.7b,-6.7b,-13b)",1
multimodal-cot-base,1
multimodal-cot-large,1
gpt-3-curie-(13b-parameters),1
wizard-vicuna-13b,1
multilingual-e5-base,1
t5-1.1-(8-layers),1
t5-large-(0.77b),1
uniﬁedqa-large-(0.77b),1
bert-base-multilingual-uncased,1
davinci002,1
chatglm-(7b),1
vicuna-7b-v1.3-hf,1
pythia-chat-base-7b,1
dino-base,1
gpt4-vision,1
qwenvl-chat,1
focalt,1
davit-d3-(base),1
davit-d5-(large),1
unicl,1
florence,1
llava-v1.5-vicuna-v1.5-7b,1
llava-v1.5-vicuna-v1.5-13b,1
minigpt4-llama-2-chat-7b,1
minigpt4-vicuna-7b,1
minigpt4-vicuna-13b,1
cogvlm-chat-v1.1,1
llama-2-(7b-and-70b),1
bge-large-en-v1.5,1
autoregressive-transformers-(constant-size),1
stanford-alpaca-7b,1
internlm-xcomposer2-vl-(inernlm2-7b),1
mplug-owl2-(llama2-7b),1
sharegpt4v,1
sphinx-plus,1
g-llava,1
sphinx-moe,1
internlm-xc2,1
unifiedqa-v2-(t5-backbone),1
phi3-mini-instruct,1
starcoder-2-(15b),1
deepseekcoder-(6.7b),1
chatglm-turbo,1
llama-2-7b-base,1
llama-2-13b-base,1
llama-2-70b-base,1
llama-3-8b-it,1
llama-3-70b-it,1
mixtral-8×7b-it,1
gpt-2-like-transformer,1
vlm-(visual-language-model),1
wizardlm-15b,1
wizardlm-33b,1
opt-(various-sizes-including-6.7b-and-66b),1
qwen-vl-chat-(9b),1
internlm-xcomposer2-(7b),1
vila-2.7b,1
vila-7b,1
emu2-chat-(37b),1
idefics1-9b,1
phi-3-vision-(4b),1
gpt-sovits,1
htsat,1
llama2-7b-(llama-2-7b-chat-hf),1
llama2-13b-(llama-2-13b-chat-hf),1
mistral-7b-(mistral-7b-instruct-v0.2),1
gpt-4-(1.76-trillion-parameters),1
opt-(family),1
phi-1.5-tiny-(125m),1
phi-1.5-small-(350m),1
gpt-neox-3b,1
t5-base-(223m-parameters),1
8-bit-quantized-t5-large-(750m-parameters),1
cogvlm2,1
cogvlm-32b,1
qwen-vl-(llama-based),1
idefics2-8b-(mistral-based),1
vila-1.5-8b-(llama-3-based),1
mantis-llama3-8b-(llama3-based),1
palm-(google),1
lamda-(facebook),1
t5-flan-3b,1
ctrlukp,1
"medalpaca-(7b,-13b)",1
biomedgpt-(7b),1
biomistral-(7b),1
asclepius-(7b),1
clinicalcamel-(70b),1
llama-2/3,1
siglip-so400m,1
gpt-(6.3m-parameters),1
palm-2-8b,1
chinese-llama2-13b,1
moss-moon-003-base,1
internlm-chat-7b,1
chinese-alpaca2-13b,1
moss-moon-003-sft,1
xwin-lm-7b,1
midjourney-v5.2,1
glm-(10b),1
chinese-llama2-7b-chat,1
chinese-llama2-13b-chat,1
llama-3.2-11b-vision,1
geminipro-vision,1
internlm2-xc2,1
bert-large-cased,1
bert-large-uncased,1
groundingdino-(swin-t-backbone),1
bytetrack,1
dinov2-(vit-l/14),1
sam-(vit-h),1
roberta-large-(335m),1
pythia-(160m-to-2.8b),1
image-gpt,1
mt5-3b,1
toolformer-(6.7b),1
lenet-5,1
swinv2-moe-s,1
gpt2-moe-medium,1
gpt3-moe-xl,1
chatgpt-(200b),1
claude-(>52b),1
internlm-(120b),1
ziya-13b-(13b),1
chatglm-130b-(130b),1
chinese-alpaca-plus-33b-(33b),1
minicpm-v2.5-llama3,1
llav-a-next-llama3-8b,1
openchat-3.2,1
geminiprovision-(175b+),1
llava-v1.5-(13b),1
gpt-4-(175b+),1
mplug-owl2-(8b),1
cogvlm-chat-(17b),1
med42-70b-(derived-from-llama2-70b),1
llama-adapter,1
gpt-2-(small-124m),1
gpt-2-(medium-355m),1
gpt-2-(large-774m),1
plaid-(1.3b),1
sedd-small-(170m),1
sedd-medium-(424m),1
mt5-large,1
"gpt-4-turbo-(context-window-of-128,000)",1
"gpt-4-(context-window-of-8,192)",1
"gpt-3.5-turbo-(context-window-of-16,385)",1
flan-t5-(11-billion),1
mixtral-moe-(45b),1
starchat-β-(15b),1
llama-(7b-and-13b),1
gpt-4-(1106-preview),1
t5-(5b),1
text-davinci-003-(unknown-size),1
gpt-3.4-turbo-(unknown-size),1
codellama-base-(34b),1
alpaca-(30b),1
wizardcoder-(15.5b),1
mistral-v0.1-(7b),1
codellama-base-(7b),1
codegen2.5-multi-(7b),1
santacoder-(1.3b),1
incoder-(1.1b),1
pythia-(1.4b),1
none-specified-in-the-provided-text,1
galactica-1.3b,1
beit,1
conformer-based-hybrid-ctc/attention-asr-model,1
flan-t5-3b-(2.7b),1
finbert-(110m),1
davinci-003-(175b),1
dolly,1
inf-mllm,1
pure-mm,1
qwen-long-(version-of-alibaba’s-tongyi-qianwen-model),1
llama-(8b-and-70b),1
gpt2-(0.2b),1
llama-(with-varying-sizes-from-0.03b-to-2.4b),1
opt-(235m),1
transformers-(2m-to-730m),1
lstm-(10m-to-135m),1
xraygpt,1
r2gen,1
mm1.5,1
ferret-ui,1
llama-2-(1.57b),1
codegen-mono-16b,1
codegen-2b-mono,1
clip-l-(428m-parameters),1
t5-v1.1-(3b),1
deberta-v2-xxlarge,1
llama-2-(13b-chat),1
mistral-(7b-instruct-v0.1),1
palm-2-(bison),1
transe,1
rotate,1
quate,1
interacte,1
duale,1
hake,1
murp,1
conex,1
house,1
rescal,1
dismult,1
complex,1
tucker,1
conve,1
hyper,1
convkb,1
convr,1
complex-dura,1
lowfer,1
rgcn,1
sacn,1
kbgat,1
dpmpn,1
rghat,1
red-gnn,1
neurallp,1
m-walk,1
plogicnet,1
curl,1
claude-3.0,1
taiwan-llm-13b,1
taiwan-llm-7b,1
instructgpt-175b,1
our-base-70b,1
gpt-4v-(vision),1
swin-transformer-t,1
video-swin-transformer-t,1
meta-llama3-8b-instruct,1
gpt-3.5turbo,1
llav-a-onevision,1
gpt-3.5-instruct,1
chatgpt-3.4,1
chatgpt-(march-2023-version),1
bloomberggpt-(50-billion-parameters),1
palm-2-(code-variant),1
megatron-t5-(1.2b),1
canary-1b-(650m),1
xl-net,1
dall-e-2,1
glide,1
imagen,1
gpt2-xl-(1558m),1
ct-bert,1
"stable-diffusion-(sd-v1.4,-860m-parameters)",1
"stable-diffusion-(sd-v2,-860m-parameters)",1
"stable-diffusion-(sd-xl,-3.5b-parameters)",1
pixart-α-(600m-parameters),1
flux-dev,1
flux-schnell,1
llamagen-stage1-(775m-parameters),1
llamagen-stage2-(775m-parameters),1
jurassic2-ultra,1
deepseekllm-7b,1
deepseekllm-67b,1
instructblip-(flan-t5-xxl),1
comet,1
resnet34,1
fpn-resnet34,1
denoising-diffusion-probabilistic-model-(ddpm),1
minerva-(based-on-palm),1
gpt-35-turbo-instruct,1
aquilachat2-34b,1
aquilachat2-7b,1
baichuan2-13b-base,1
baichuan2-7b-base,1
baichuan-7b,1
internlm2-chat-20b,1
internlm2-chat-7b,1
chatmed-consult,1
huatuo-llama-med-chinese,1
chatgpt-3.5-turbo-(154b),1
polycoder-2.7b,1
baichuan2-7b-chat-(7b),1
gpt-4-(~1.7t),1
gflownets,1
palm-2-small,1
palm-2-extra-small,1
flan-t5-large-(0.7b),1
gpt-2-(123m),1
latent-diffusion-model-(ldm-unclip-v2-1),1
gpt-4-(1750b),1
mixtral-8x7b-(46.7b),1
tinygpt-v-(2.7b),1
mobilevlm-(2.7b),1
llava-phi-(2.7b),1
moe-llava-(stablelm-1.6b),1
moe-llava-(phi-2.7b),1
openai-davinci,1
baidu-ernie,1
yandex,1
llava1.5-13b,1
llavanext-v7b,1
llavanext-m7b,1
blip2-2.7b,1
iblip-7b,1
iblip-13b,1
eva-g,1
gpt-3.5-turbo-0301-(chatgpt),1
act3d,1
3d-diffuser-actor,1
text-bison,1
gpt-4-(openai),1
lemur,1
claude2.1,1
mixtral-8x7b-instruct-v0.1-(8-bit-quantization),1
chatgpt-(turbo-versions),1
vicuna-1.3-(7b),1
mistral-instruct-v0.2-(7b),1
gpt-2-s-(124-million-parameters),1
gpt-2-m-(355-million-parameters),1
gpt-2-l-(774-million-parameters),1
gpt-2-xl-(1558-million-parameters),1
llama-2-7b-(7-billion-parameters),1
llama-2-13b-(13-billion-parameters),1
llama-2-70b-(70-billion-parameters),1
deepseek-coder-v2-instruct,1
"llama-3-(8b,-70b)",1
"flan-t5-(3b,-11b)",1
"falcon-(7b,-40b)",1
"vicuna-(7b,-13b,-33b)",1
mixtral-(8*7b),1
llms4ol-(based-on-flan-t5-3b),1
chatgpt-gpt-3.5-turbo,1
blip-2-flan-t5xxl,1
gts-(with-roberta's-pre-trained-embedding),1
graph2tree-(with-roberta's-pre-trained-embedding),1
transformer-based,1
tape,1
esm-1b,1
esm-if1,1
fingpt-(based-on-llama-series),1
swin-unetr,1
clinical-bert,1
gpt-3.5-(text-davinci-002),1
bert-(bert-base-chinese),1
bert-(bert-base-multilingual-cased),1
"albert-(various-sizes-including-base,-large,-xlarge,-xxlarge)",1
qwen-2.0-72b,1
qwen-2.0-8b,1
qwen2-0.5b,1
smollm-1.7b,1
llama-2-70b-32k,1
mistral-nemo-instruct,1
deepseek-prover-v1,1
deepseek-coder-v2-236b,1
gpt-4-(1.7t-parameters),1
chatgpt-3.5-turbo-0613,1
chatgpt-4-0613,1
palm-2-(various-sizes),1
internvl-chat-19b,1
stablelm-1.6b,1
phi2-2.7b,1
phi-3-mini-(3.3b),1
mobillama-(0.5b),1
llava-video,1
chatgpt-(gpt3.5-turbo-0310),1
decoder-only-transformer-model-(depth-2),1
gpt-4-(10-shot),1
gpt-3.5-turbo-(finetune),1
gpt3.5-(175b),1
gpt3.5-curie-(6.7b),1
instructgpt-(175b-parameters),1
baichuan-7b-base,1
xverse-13b,1
internlm-7b-chat,1
tigerbot-base,1
chinese-alpaca-2-7b,1
gogpt2-7b,1
gogpt2-13b,1
ziya-llama-13b,1
belle-llama-2-13b,1
alpaca-v1.0-7b,1
moss-moon-sft,1
chatlaw-13b,1
chatlaw-33b,1
lexilaw,1
wisdom-interrogatory,1
lawgpt-7b-beta1.0,1
lawgpt-7b-beta1.1,1
hanfei,1
fuzi-mingcha,1
weaver-mini-(1.8b),1
weaver-base-(6b),1
weaver-pro-(14b),1
weaver-ultra-(34b),1
llama-3-(various-sizes-including-8b-and-70b),1
llama2-(7b-chat),1
gpt-2-(with-124m-to-1.4b-parameters),1
vit-b/16-(with-286m-parameters),1
vit-l/16-(with-307m-parameters),1
baichuan-(implied-as-baichuan2-7b-and-baichuan2-13b),1
transformers-(no-specific-size-mentioned),1
phi-3-14b,1
google-gemini,1
rad-dino-maira-2-(87m-parameter-vit-b),1
gpt-3-(da-vinci-002),1
xwin-13b,1
gpt-4v-1106,1
phi3-v,1
bert-(330m),1
decoder-only-model-(1b-parameters),1
decoder-only-model-(130m-parameters),1
gpt-4-(two-versions),1
ft:gpt-4o,1
baichuan-chat,1
baichuan-2-chat,1
wizardlm-v1.2,1
vicuna-v1.5-(16k),1
code-llama-instruct,1
code-davinci-002-(gpt-3-family),1
swin-transformer-(pre-trained-on-imagenet-21k),1
bluebert,1
gpt2-medium-(355m),1
gpt4-(1.8t),1
ul2-(32b),1
beit3-large,1
vlmo-large,1
blip2-flan-t5-xl,1
chat-bison-001,1
openchat-13b,1
wizardlm-30b,1
oasst-12b,1
dolly-12b,1
llama-3-8b-inst,1
llama-3-70b-inst,1
mistral-7b-inst,1
saul-7b-inst,1
monot5-(3-billion-parameters),1
roberta-wwm,1
cpt,1
mengzi,1
mathbert,1
mt5-xl,1
sphinx-13b,1
viscot-7b,1
flant5-xl-3b,1
starcoder-1b,1
starcoder-3b,1
starcoder-7b,1
codet5+-220m,1
codet5+-770m,1
codet5+-2b,1
codet5+-6b,1
opt-(6.7b-to-66b),1
bloomz-(7b),1
wizardlm-(13b-to-30b),1
airoboros-(33b-and-65b),1
instruct-gpt-(text-davinci-003),1
qwen-vl-(9.6b),1
universal-transformers,1
openllama-(13b),1
olmo-1b,1
wizardmath,1
internlm2-math,1
codellama-13b-instruct-(13b),1
codellama-7b-instruct-(7b),1
starchat-alpha-(16b),1
mistral-instruct-7b-v0.1-(7b),1
mistral-7b-sft-beta,1
"gpt-3-(350m,-1.3b,-6.7b,-175b)",1
"palm-(8b,-62b,-540b)",1
"flan-palm-(8b,-62b,-540b)",1
"xlm-r-(250m,-560m)",1
mbert-(178m),1
mdeberta-v3-(278m),1
mbart-50-(611m),1
"m2m100-(418m,-1.2b)",1
"xglm-(564m,-1.7b,-2.9b,-4.5b,-7.5b)",1
"bloomz-(560m,-1.1b,-1.7b,-3b,-7.1b)",1
"mt0-(300m,-580m,-1.2b,-3.7b,-13b)",1
"vision-language-models-(e.g.,-clip,-align,-blip-2)",1
"multi-modal-large-language-models-(e.g.,-gpt-4v,-llava,-gemini)",1
minilm,1
qwen2.5-7b-instruct,1
qwen2.5-14b-instruct,1
yi-1.5-6b-chat,1
command-35b-base,1
mistral-instruct-v0.2-7b,1
longchat-7b-v1.5-32k,1
molt5-base,1
molt5-large,1
chemt5-small,1
chemt5-base,1
bert-base-12-(110.0m),1
roberta-base-12-(125.0m),1
albert-base-12-(11.0m),1
deberta-v2-large,1
internlm2-7b-chatsft,1
blip-2.0,1
mp-net-base,1
gtr-t5-base,1
gtr-t5-large,1
gtr-t5-xl,1
uniter,1
iais,1
oscar+,1
rosita,1
lxmert,1
openai-gpt-4,1
vicuna-1.5,1
llava-onevision-8b,1
gpt-3.5turbo-(june-2023-version),1
gpt-4-(june-2023-version),1
gpt-2-small-(117m),1
gpt-neo-small,1
gpt-2-large-(742m),1
owlv2,1
pegasus-base,1
gpt-3-(350m),1
instructgpt-(350m),1
instructgpt-(1.3b),1
stablediffusion-xl-(3.5b-parameters),1
llama-13b-chat,1
internlm-xcomposer2-4khd,1
internlm-xcomposer2.5,1
phi3v,1
idefics2,1
idefics3,1
debertav3-base,1
palm-64b,1
gemma-2-2b-instruct,1
chatgpt-(undisclosed-size),1
gpt-4.0-(undisclosed-size),1
ernie-bot-(undisclosed-size),1
ernie-bot-4.0-(undisclosed-size),1
chinese-alpaca-2-13b,1
educhat-sft-002-13b,1
educhat-sft-002-13b-baichuan,1
codellama-70b-instruct-hf,1
codeqwen1.5-7b,1
deepseek-coder-6.7b-base,1
codellama-13b-instruct-hf,1
deepseek-coder-1.3b-base,1
codellama-7b-hf,1
phi-2language,1
"gpt-4-(openai,-2023)",1
opt-(125m-1.3b),1
gpt-3.5-(gpt-35-turbo-16k-0613),1
opt-(1.3b-and-13b),1
gpt-4-base,1
flan-t5-large-(738m),1
flan-t5-base-(223m),1
llama-13b-(quantized),1
marcoroni-13b-(quantized),1
"bert-(base,-uncased)",1
gpt/ada,1
dbrx,1
davinci-2-(gpt-3.5-variant),1
davinci-3-(gpt-3.5-variant),1
babbage,1
curie,1
opt-iml-(1.3b),1
flan-t5-l-(780m),1
gpt2-small-(117m),1
opt-1.3b-(1.3b),1
bloom-7b1-(7.1b),1
rag-token,1
rag-seq,1
med-palm-2-(based-on-palm-2),1
reka-core,1
reka-flash,1
jamba-1.5-large,1
jamba-1.5-mini,1
lamda-(68b-parameters),1
gopher-(280b-parameters),1
word2vec-with-bilstm,1
clinical-longformer,1
bloom-large,1
youchat-(based-on-gpt-3.5),1
"blip-2-(opt-2.7b,-opt-6.7b,-flan-t5-xl,-flan-t5-xxl)",1
"idefics-(9b,-80b)",1
"instructblip-(vicuna-7b,-vicuna-13b,-flan-t5-xl,-flan-t5-xxl)",1
"mmicl-(vicuna-7b,-vicuna-13b,-instructblip-t5-xl,-instructblip-t5-xxl)",1
"llava-(1.5-7b-hf,-1.5-13b-hf)",1
ev-a-vit-g,1
baichuan-7b-chat,1
qwen1.5-0.5b-chat,1
qwen1.5-4b-chat,1
palmyra-4-chat-128k,1
wizardlm-8x22b,1
openllama-7b,1
openllama-13b,1
falcon-180b-chat,1
gpt-3-(text-ada-001),1
gpt-3-(text-babbage-001),1
"openllama-v1-(3b,-7b,-13b)",1
phi-3-mini-128k-instruct-(3.8b),1
phi-3-medium-128k-instruct-(14b),1
mistral-nemo-instruct-2407-(12b),1
toolalpaca-13b,1
rnn,1
solar-10.7b-instruct,1
"52b-parameter-language-model-fine-tuned-for-dialog-(bai-et-al.,-2022)",1
gpt-4-v-(gpt4-11-06-preview),1
deformable-detr,1
"blip2-(with-opt-2.7b-and-6.7b,-flan-t5-xl-and-xxl)",1
openflamingo-(4b),1
llava-(with-vicuna-13b),1
kosmos2,1
llava-(with-vit-l/14-visual-encoder-and-vicuna-7b-language-model),1
memorizing-transformer,1
block-recurrent-transformer,1
phi-3.5,1
bloom-1b7-(1.7b),1
gpt-4-(>1t),1
gemini-1.5-pro-(preview),1
chatgpt-(based-on-gpt-3-with-175-billion-parameters),1
llama-(7b/13b/33b/65b),1
llama2-(7b/13b/34b/70b),1
glm-(6b/12b),1
baichuan-(7b/13b/53b),1
baichuan2-(7b/13b),1
qwen-(7b/14b),1
internlm-(7b/20b),1
"transformer-encoder-(4-layers,-8-heads,-dmodel-=-512)",1
ernie-4.0-(8b),1
"llama3-(8b,-70b)",1
codegemma-(7b),1
starcoder2-(15b),1
codeqwen-(14b),1
octocoder-(15.5b),1
"codet5+-(770m,-2b,-16b)",1
llama-7b-(7-billion-parameters),1
llama-30b-(30-billion-parameters),1
bard-(137-billion-parameters),1
llama-34m,1
sentence-bert-(s-bert),1
opt-(13b),1
opt-(30b),1
llama-(33b),1
rwkv-(3b),1
rwkv-(7b),1
tk-instruct-3b,1
longchat-(based-on-llama-7b),1
stella-en-1.5b-v5,1
pixtral-12b,1
code-davinci-002-(175b),1
gpt-4-code-interpreter,1
llama-adapter-7b,1
palm-2-(text-bison@001),1
glm4-(9b),1
llama2-7b-chat-hf,1
videollava,1
qwen-chat,1
deepseek-llm,1
gal,1
glm2,1
octocoder,1
codellama-python,1
codellama-instruct,1
deepseek-coder-base,1
deepseek-coder-instruct,1
mistral-7b-instruct-v0.1-(7b),1
llama-2-70b-chat-hf-(70b),1
palm-2-(chat-bison-001),1
toolllama-2-7b-v2,1
gpt-3-text-davinci-001,1
t5-xxl-(11-billion-parameters),1
t5-xl-(3-billion-parameters),1
t5-base-(220-million-parameters),1
vit-l/14,1
gpt-(various-sizes),1
codex-(various-sizes),1
stylegan-(various-sizes),1
bert-base-(120m-parameters),1
3d-vista,1
pq3d,1
leo,1
clip-(resnet101),1
resnet101,1
vit-b/32,1
llama-70m,1
claude-(version:-claude-instant-v1),1
berturk,1
bert-(bert-base-cased),1
pretrained-large-language-model-(llm),1
grounded-sam,1
gpt-4-turbo-(1.5t),1
gpt-4o-(1.5t),1
gpt-3.5-(154b),1
deepseek-coder-(16b),1
deepseek-chat-(16b),1
gemma-2-9b-(9b),1
mistral-7b-v0.3-(7b),1
mathstral-7b-v0.1-(7b),1
codestral-22b-v0.1-(22b),1
dreamer-v3,1
open-orca/mistral-7b-openorca,1
apple/openelm-3b-instruct,1
gpt-4-(gpt-4o-2024-08-06),1
wizardlm,1
gpt-35-turbo-16k-(0613),1
polyglot-ko-5.8b,1
gecko-(based-on-llama-architecture),1
emu2-(37b),1
llama-2-chat-(13b-parameters),1
gpt-4-(1.74-trillion-parameters),1
titan-lite,1
metamath-llamav2-13b,1
wizard-vicuna-30b-uncensored,1
bing-chat-(gpt-4),1
gpt-3.5-(>170b),1
j1-jumbo-(176b),1
bloom-(7.1b),1
"gpt-3-(175b-parameters,-text-davinci-002)",1
openai-codex,1
convbert,1
cogagent-vqa,1
internvl-chat-v1.2-plus,1
jurassic-2-instruct,1
dinov2-(frozen-backbone),1
llava-(vicuna-13b-v1.5),1
instructblip-(vicuna-13b-v0),1
minigpt4-(vicuna-13b-v0),1
internvl-chat-v1-1,1
bert-base-(340m-parameters),1
chatunivi-(7b),1
dynamicrafter-(1.5b),1
internlm-xcomposer,1
"gpt-neo-(1.3b,-2.7b,-6b)",1
jurassic-large-(7.5b),1
jurassic-jumbo-(178b),1
phi3,1
gpt-4o-mini-(2024-07-18-release),1
gpt-4o-(2024-05-13-release),1
llama-3.1-instruct-(8b-and-70b),1
"llama-3.2-instruct-(1b,-3b,-11b-and-90b)",1
o1-mini-(2024-09-12-release),1
o1-preview-(2024-09-12-release),1
cupl,1
fn-bert,1
kosmos-2,1
chatgpt-(175-billion),1
llama-13b-(13-billion),1
vicuna-13b-(13-billion),1
chatglm-6b-(6-billion),1
chatglm-v2-6b-(6-billion),1
chatglm-130b-(130-billion),1
ernie-(175-billion),1
qianwen,1
spark,1
stable-platypus-2-13b,1
alphastar,1
cicero,1
chatglm-2,1
mixtral-8×22b-instruct-v0.1,1
deepseek-coder-v2-236b-instruct,1
mt-nlg,1
helm,1
dialoglm-using-led-(dialogled),1
gpt-4-(size-not-specified),1
claude-3.5-sonnet-(size-not-specified),1
claude-3-opus-(size-not-specified),1
prometheus-2-8x7b,1
prometheus-2-7b,1
dpr-+-fid,1
qwen-1.5-110b-chat,1
metaicl-(774m),1
fairseq-6.7b,1
fairseq-13b,1
codegeex-(6b),1
deepseek-coder-(6.7b),1
j1-jumbo-(178b),1
j1-grande-(17b),1
j1-large-(7.5b),1
"ul2-(1b,-2b,-and-8b-parameters)",1
bloomz-176b,1
bertweet-large,1
bard-(based-on-lamda),1
rad-dino,1
meditron-7b-(based-on-llama-2),1
internlm-x2d5,1
phi3-vision-(4b),1
seed-llama-14b,1
emu2-gen-(34b),1
vit-(in-clip),1
